year,temp
443.5,33.8
443.5,35.7
444.5,28.4
444.5,29.7
445,31.6
445,31
445.7,38
445.7,33.2
446,35.9
446,37.4
446,38.9
443.5,39.6
443.5,39.1
443.5,41.3
443.5,45.1
444.5,39.6
444.5,40.6
445.7,46
446,41.5
443.5,34.9
445.7,48.2
424.6,32.98
424.65,28.525
424.7,32.35
424.75,33.61
424.9,33.385
424.95,36.31
425.05,30.73
425.07,31.135
425.1,37.66
432.5,28.12
432.52,30.865
432.54,32.98
432.56,32.845
432.58,33.115
433.3,33.79
433.4,33.385
427.2,27.265
427.3,27.085
427.5,28.705
427.8,26.86
428.1,26.05
429.2,27.085
429.4,28.66
429.6,26.86
429.8,29.65
430,29.92
430.6,29.11
430.8,27.85
431,27.13
431.2,28.435
431.5,28.21
432.2,23.035
432.4,23.485
433.6,27.67
433.7,27.58
434,27.94
434.5,32.44
435,31.63
435.1,29.83
435.5,30.64
436,31.855
436.2,30.19
436.5,33.97
437,33.97
437.5,31.855
438,29.875
438.2,33.25
438.4,32.485
438.5,29.56
438.7,30.775
439,31.54
439.2,29.47
440,29.605
441,30.64
441.2,29.965
441.6,25.42
442,30.64
442.7,27.445
443,29.38
443.3,28.255
443.5,28.93
421,32.08
421.2,32.485
421.3,30.82
421.5,31.135
421.7,29.605
421.8,27.22
422.2,28.03
422.4,30.955
422.8,31.585
422.8,29.74
423.2,28.75
423.6,28.525
423.8,30.82
424.1,29.335
425,31.27
425.7,29.47
425.8,28.345
426.2,28.84
426.2,27.94
426.7,26.86
427.53,25.87
427.7,28.93
427.8,27.625
428.5,20.785
428.7,24.16
428.85,23.845
429.1,27.715
429.8,24.16
430.05,25.825
430.35,25.555
430.4,26.995
430.7,27.04
430.9,23.935
431.1,24.34
431.2,26.725
431.5,25.06
431.6,21.73
431.8,22.855
431.9,22.225
432,22.945
432.1,22.405
432.2,22.225
432.4,22.72
432.45,23.62
432.48,24.07
432.49,23.845
432.63,26.95
432.78,25.51
433.19,27.58
433.48,27.895
433.59,25.645
433.71,28.705
433.8,28.885
433.92,29.65
434.11,29.515
434.3,31.045
434.5,28.435
434.68,28.75
435.1,29.02
435.1,29.2
435.25,28.525
435.5,28.795
435.61,28.705
436.1,30.145
436.35,31.585
436.4,30.19
436.45,30.64
436.45,28.615
436.65,30.685
436.8,28.435
436.9,30.28
437.1,30.19
437.6,26.725
438.9,29.155
439.45,31.09
441,29.875
437.5,29.38
439,27.085
439.1,24.205
440.5,28.21
440.8,28.48
441.1,28.075
442,25.105
442,25.825
442.4,27.355
443,24.43
443.2,26.725
443.5,25.195
443.8,22.495
423.5,29.38
425.1,32.215
425.4,30.595
425.5,33.475
425.7,36.13
425.9,30.595
426.5,31.855
427.5,30.505
430,26.365
433.4,29.605
392.52,32.85
392.9,28.44
393.05,25.2
393.31,31.36
393.61,32.26
393.91,31.45
395.98,28.21
398.71,27.67
401.18,29.83
402.97,37.8
403,34.24
403.02,33.52
403.03,30.82
403.05,31.05
403.12,31.63
405.01,30.06
405.01,29.88
405.49,31.72
405.55,27.22
405.69,26.95
405.7,26.86
406.44,26.95
406.51,26.23
406.59,27.13
407.31,26.5
407.39,26.95
408.63,27.94
408.66,28.75
409.01,31.59
409.31,27.49
409.43,31.86
409.44,27.99
409.45,27.18
409.46,28.93
409.49,28.35
409.5,27
409.53,25.29
409.53,27.76
409.55,27.04
409.56,31.63
409.56,27.04
409.58,27.81
409.6,29.34
409.63,28.8
409.64,27.94
409.64,30.64
409.65,28.39
409.66,27.9
409.66,30.78
409.69,29.79
409.7,30.19
409.73,29.16
409.73,30.37
409.75,28.35
409.76,29.34
409.78,27.67
409.81,31.32
409.86,34.24
409.94,32.31
409.96,32.35
410.19,36
410.29,33.97
410.43,33.7
410.7,32.44
410.72,30.91
410.78,44.46
410.83,31.86
410.89,36.31
411.52,34.24
411.74,37.8
411.97,31.77
412.08,33.93
412.5,31.81
413.04,33.16
413.62,32.49
413.66,37.35
413.71,34.29
413.78,34.15
413.78,33.84
413.83,35.82
413.92,34.33
413.94,34.87
413.96,35.68
413.96,33.79
414.1,33.93
414.22,39.37
414.25,37.3
414.29,36.76
414.32,40.09
414.32,32.67
414.34,37.62
414.53,34.38
414.85,32.62
414.88,33.61
415.59,32.53
415.69,31.14
415.71,30.55
415.81,32.31
415.87,33.16
415.87,32.89
415.88,32.08
415.92,32.49
415.92,32.26
416.29,34.6
416.31,33.12
358.89,29.43
359.1,32.44
359.19,27
359.37,27.63
359.44,24.88
359.53,25.69
359.57,34.6
359.68,25.65
360.42,28.17
360.57,27.54
360.72,27.18
360.87,24.88
360.97,28.53
361.14,28.93
361.7,31.86
361.77,28.89
361.84,30.96
362.02,31.72
362.04,31.5
362.15,31.14
362.32,33.25
362.77,32.8
362.79,23.85
362.89,24.66
362.95,31.63
363.1,31.54
363.28,31
363.38,21.64
363.43,31.5
363.65,30.46
363.7,29.74
363.76,31.27
363.8,30.64
363.87,26.77
363.88,30.82
363.9,24.7
363.94,31.14
364,32.22
364.15,30.6
364.26,28.98
364.29,24.97
364.42,29.61
364.57,24.97
364.59,29.34
364.68,27.99
364.73,24.3
364.81,25.83
364.83,35.95
364.89,29.02
364.95,26.19
365.02,24.7
365.04,31
365.26,32.35
365.32,34.83
365.37,34.6
365.39,29.11
365.6,31.9
365.6,33.25
365.6,26.55
365.76,25.69
365.82,30.64
365.93,31.9
365.97,24.97
366.04,29.65
366.06,32.35
366.11,31.9
366.16,30.64
366.18,27.72
366.19,31.9
366.25,33.3
366.34,29.07
366.36,25.2
366.36,33.39
366.41,33.25
366.43,33.43
366.49,29.74
366.49,32.58
366.55,32.04
366.56,30.24
366.61,31.23
366.63,25.2
366.64,31.9
366.66,28.08
366.66,33.48
366.76,27.9
366.84,32.17
366.88,32.85
367.06,30.46
367.09,29.07
367.13,32.04
367.22,32.22
367.22,34.6
367.35,32.94
367.4,32.26
367.42,34.15
367.54,32.31
367.65,31
367.78,33.12
367.8,32.53
367.88,31.18
367.91,31.32
367.97,31.99
368.04,33.7
368.17,32.53
368.23,35.77
368.46,32.4
368.77,32.8
368.78,32.98
368.86,31.9
369.03,36.4
369.1,33.7
369.16,31.68
369.24,30.01
369.49,33.25
369.52,33.12
369.59,32.53
369.79,36.4
369.81,30.28
369.88,33.34
369.95,30.82
369.95,36.04
370.01,34.47
370.04,29.7
370.04,31.95
370.12,33.25
370.14,35.1
370.16,29.79
370.21,32.04
370.23,36.76
370.34,31.59
370.34,33.3
370.45,30.24
370.45,28.75
370.58,28.89
370.62,33.57
370.63,28.75
370.69,32.8
370.74,30.28
370.81,31.68
370.87,31.5
370.9,28.3
370.93,35.5
371.06,27.45
371.08,30.73
371.08,33.43
371.1,35.37
371.13,29.47
371.2,31.45
371.27,33.25
371.3,34.51
371.37,35.05
371.37,31
371.41,34.47
371.44,32.8
371.46,35.5
371.48,35.95
371.49,32.89
371.5,29.88
371.52,34.6
371.57,33.48
371.59,31.45
371.71,28.12
371.73,31.45
371.78,27.81
371.86,27.85
371.88,29.65
371.89,32.04
371.93,27.4
371.95,30.69
371.97,29.52
372.01,28.8
372.02,32.76
372.07,32.53
372.08,31.77
372.08,27.85
372.11,35.73
372.16,34.92
372.2,30.1
372.21,33.3
372.24,29.97
372.24,31.9
372.24,31
372.26,29.65
372.34,33.7
372.38,34.29
372.38,32.4
372.42,28.03
372.43,35.41
372.59,34.38
372.74,36.9
372.75,29.56
372.8,30.55
372.8,33.84
372.82,30.55
372.94,34.56
372.98,34.69
372.98,34.6
372.98,33.7
373,34.11
373.15,31.59
373.19,30.64
373.19,30.28
373.19,33.34
373.34,31.9
373.35,33.7
373.38,35.05
373.38,32.44
373.4,35.05
373.44,33.25
373.44,34.2
373.46,31.45
373.61,27.22
373.62,29.7
373.65,32.67
373.65,37.75
373.68,34.02
373.78,31
373.84,31.23
373.87,29.97
373.87,30.69
373.88,30.01
373.92,29.02
373.97,34.65
373.99,29.65
374.03,31.45
374.05,29.65
374.07,33.93
374.07,31
374.1,31.95
374.13,36.85
374.16,36.4
374.21,31.77
374.22,28.75
374.26,32.8
374.26,29.43
374.26,28.66
374.29,35.1
374.33,30.55
374.34,27.85
374.36,31.59
374.4,34.6
374.4,31.27
374.43,29.07
374.43,30.15
374.44,34.15
374.45,32.8
374.46,32.67
374.48,31.9
374.49,31
374.5,31.45
374.54,20.92
374.55,30.37
374.63,31.41
374.63,32.35
374.72,33.52
374.76,32.71
374.82,31
374.83,30.6
374.84,31.59
374.97,32.13
374.99,27.85
375.14,31.36
375.18,32.8
375.19,30.46
375.27,28.3
375.32,29.83
375.42,33.7
375.42,33.7
380.89,20.2
381.01,25.92
381.13,26.32
381.13,26.14
381.35,27
381.56,23.8
381.73,26.82
381.77,24.79
381.84,25.6
381.86,22.27
381.96,21.6
381.96,23.08
382.05,22.18
382.09,25.47
382.16,24.7
382.18,20.25
382.21,24.66
382.34,21.87
382.47,22.54
382.56,22.23
382.62,23.26
382.75,23.58
382.77,22.05
382.8,23.67
382.84,23.67
382.89,24.07
382.91,23.17
383.02,22.72
383.08,23.58
383.09,23.53
383.12,22.72
383.16,22.05
383.19,22.63
383.22,20.65
383.25,20.2
383.32,20.56
383.35,22.23
383.4,23.76
383.42,23.13
383.43,22.95
383.56,22.32
383.67,20.56
383.99,19.08
384.01,20.11
384.02,19.84
384.18,21.69
384.22,20.97
384.33,20.25
384.34,25.6
384.42,19.84
384.43,18.4
384.48,20.47
384.52,19.35
384.62,17.64
385,19.98
385.48,18.31
385.79,22.23
386.1,25.6
386.33,24.7
386.4,18
386.41,25.15
386.69,27.85
386.74,18.67
386.99,24.79
386.99,24.07
387.02,25.96
387.15,21.19
387.16,24.43
387.25,25.15
387.25,29.52
387.26,24.39
387.27,23.98
387.29,22.95
387.63,24.7
387.64,19.89
388.13,21.46
388.42,19.84
388.49,23.53
388.98,18.67
389.21,24.48
389.55,20.38
389.61,22.14
389.76,24.21
389.8,20.92
390.67,28.98
390.86,20.79
390.93,25.24
391.09,21.73
391.1,23.8
391.11,27.76
391.33,24.07
391.37,25.65
391.44,19.75
391.54,26.23
391.57,22.77
391.85,27
391.92,25.38
391.99,22
392.22,23.67
392.49,22.41
392.54,22.05
392.7,19.98
392.85,22.86
393.09,23.71
393.17,20.34
393.18,25.65
393.46,26.68
393.6,22.32
393.6,25.92
393.73,22.81
394,24.48
394.14,22.68
394.23,24.43
394.56,23.17
394.59,24.88
394.64,22.95
394.76,20.79
394.85,24.61
395.12,25.29
395.32,23.22
395.57,22
395.66,22.86
395.95,21.24
396.07,21.64
396.99,20.61
397.14,19.62
397.24,21.15
397.71,20.65
397.89,22.59
398.03,23.04
398.39,19.48
398.84,21.01
398.99,22.45
399.32,22.27
399.46,19.03
400.11,25.65
400.43,24.07
410.35,22.32
410.78,22.14
411.03,29.7
411.13,30.06
411.39,28.08
411.46,27.99
411.52,32.17
411.62,25.87
411.66,34.47
411.87,30.15
412.73,32.4
412.83,34.02
412.94,27
413.11,28.44
413.29,32.08
413.36,29.25
414.32,31.68
414.94,29.25
415.97,33.03
416.27,26.91
417.02,32.31
417.11,29.16
417.2,31.18
417.46,28.8
417.5,31.86
417.9,29.65
418.36,26.14
418.46,29.25
418.5,29.97
418.55,30.33
418.66,29.43
418.73,26.55
418.81,32.85
419.01,34.2
419.06,31.32
419.09,33.3
419.13,31.86
419.15,32.58
419.39,32.67
419.58,34.74
419.6,29.65
419.65,35.77
419.76,32.76
419.9,35.55
419.98,33.52
420.05,33.21
420.05,35.82
420.13,35.82
420.23,33.52
420.27,35.59
420.51,34.42
420.68,35.77
420.76,34.47
420.77,37.35
420.9,37.17
421.15,36.45
421.27,38.07
421.4,36.18
421.51,35.64
421.64,35.91
421.73,35.37
421.83,27.81
421.96,35.64
422.05,34.33
422.28,33.3
422.39,35.19
422.65,31.59
422.78,31.27
422.86,33.3
422.93,32.94
422.96,31.77
422.97,30.96
422.98,26.91
423.01,40.36
423.03,35.86
423.04,33.79
423.14,32.17
423.23,30.6
423.35,30.69
423.45,32.85
423.47,29.7
423.52,29.16
423.55,29.07
423.6,28.48
423.71,31.45
423.77,29.25
423.81,32.44
423.87,35.05
423.92,32.13
423.97,32.53
424.01,35.91
424.28,35.77
374.46,29.65
374.52,30.1
374.6,31
374.98,31.9
375.38,28.75
375.51,30.1
376.2,28.3
378.83,27.4
378.88,22
378.91,26.5
379.09,22.45
380.95,27.4
381.8,29.2
382.52,26.05
382.71,27.4
382.74,25.6
382.77,26.5
382.86,24.7
382.87,26.05
383.15,29.2
383.24,31.45
383.24,23.35
383.3,31.9
383.4,28.3
383.41,32.35
383.44,27.85
383.45,29.2
383.47,28.3
383.48,30.1
383.49,31
383.49,31.9
383.51,31.45
383.52,31.9
383.52,32.35
383.53,33.25
383.55,26.5
369.5,31
370,31
370.188309,33.25
370.4834029,31.45
370.524739,30.55
370.7360125,31
370.8370564,31.45
370.9863257,33.25
371.0506263,30.55
371.1505219,31.45
371.252714,32.8
371.4019833,33.7
371.5730689,32.8
371.6901879,32.35
371.8050104,30.1
371.9255741,27.85
371.9370564,29.2
371.9979123,30.55
372.0495825,29.65
372.0759916,29.2
372.0759916,26.5
372.0759916,28.3
372.1161795,31.9
372.1161795,28.75
372.1161795,27.85
372.1425887,31.9
372.1506263,29.2
372.1609603,29.65
372.1678497,29.65
372.1758873,29.65
372.1758873,27.4
372.1873695,30.1
372.1873695,26.5
372.1931106,29.65
372.1931106,27.4
372.2,26.5
372.2,25.6
372.2161002,27.85
372.2241503,26.5
372.2330054,29.2
372.2330054,27.4
372.2418605,31.45
372.2499106,28.3
372.2595707,30.1
372.2668157,32.35
372.2796959,33.25
372.2837209,31
372.286941,31
372.294186,31.45
372.3062612,35.05
372.3279964,29.65
372.3392665,27.85
372.3392665,27.4
372.3392665,26.05
372.3923971,35.5
372.4141324,33.7
372.5091234,29.2
372.5252236,32.35
372.5469589,32.35
372.559839,29.2
372.5694991,29.2
372.6314848,35.5
372.6314848,28.75
372.6314848,27.4
372.6652952,30.1
372.6894454,31.9
372.6974955,32.8
372.6974955,31.45
372.741771,32.35
372.7860465,31
372.8359571,34.6
372.8705725,31
372.8939177,31.45
372.922093,31.45
372.9486583,27.85
372.9631485,34.6
372.9728086,31.45
372.9905188,27.4
373.013059,31.9
373.0194991,30.55
373.0645796,30.55
373.095975,30.55
373.1,30.55
373.1796959,33.25
373.190966,31
373.2988372,31.45
373.3769231,28.3
373.4525939,28.75
373.5049195,30.1
373.5330948,31.45
373.5894454,31.9
373.6216458,30.1
373.7182469,31.45
373.7745975,31
373.8269231,31.45
373.9017889,31.45
373.9476744,32.8
374.0563506,33.25
374.1288014,32.35
374.1972272,34.15
374.2455277,33.25
374.3220036,29.65
374.3944544,28.3
374.4427549,29.2
349.4,35.16725716
350.18,32.59526609
350.4,34.3006804
350.85,32.61185525
351.07,31.34651799
351.4,29.66098511
351.63,32.61007689
351.88,32.18696796
351.96,34.72687732
352.05,37.68387952
352.24,33.45347253
352.52,33.87828882
352.62,34.71984466
352.72,32.61049907
352.81,34.29218571
352.89,32.61693106
352.94,33.8854792
352.98,33.04326255
353.02,28.82276372
353.08,32.61327011
353.11,32.19737649
353.15,35.55955063
353.17,31.35318293
353.22,38.08474343
353.27,34.71801333
353.32,33.87017902
353.37,35.58321008
353.41,33.89183697
353.45,33.87799484
325.11,21.21770447
325.55,22.48227639
325.64,22.05932554
325.78,28.38295549
325.85,23.33140296
325.9,27.96838483
326.12,26.29181491
326.27,22.90665013
326.39,24.59420234
326.58,25.85306259
326.77,29.22648117
327.12,25.02189705
327.17,29.2346705
327.25,28.39121798
327.37,33.03290888
327.49,26.27845056
327.51,33.86716497
327.59,27.12406269
327.62,30.92325813
327.74,23.32413215
327.99,27.96719078
328.11,30.92745436
328.5,26.28157935
328.85,27.54454572
329.14,34.29736484
330.86,27.98363015
334.09,28.81980451
334.25,30.49317646
334.52,29.65088955
335.53,31.76644914
336.95,26.70944574
339.64,30.50995867
344.46,31.34343024
344.88,27.96690678
345.92,32.61594585
346.07,31.3517078
346.22,30.89838165
346.36,30.92842734
346.44,35.54671679
346.5,31.33966921
346.53,30.08648725
346.6,33.45226152
346.63,28.82438474
346.69,29.24355846
346.73,25.86199769
346.78,23.74776913
346.96,29.22849768
347.03,33.88944715
347.11,33.45360675
347.17,30.07533518
347.33,29.22693312
347.34,27.12179493
347.34,33.02890055
347.53,29.66883025
347.92,30.91824064
347.98,29.66829527
348.02,29.66496088
348.05,28.39402464
348.08,30.08070187
348.16,30.08796675
348.29,27.12528204
348.54,25.86134015
348.58,27.96757458
349.54,31.76522877
350.22,24.59006251
351.09,33.4488611
351.36,30.0880462
352.83,33.43727338
353.13,31.77189865
353.16,33.03812609
353.3,32.17318714
353.49,30.93018366
355.6,31.7598729
356.39,32.18792349
356.57,32.17613708
356.66,31.34684636
356.92,29.66614635
357.27,31.33404277
357.45,35.57707902
357.6,32.19684256
357.64,26.70400759
357.68,31.77584396
357.73,38.09486357
357.76,30.92733268
357.77,28.39528944
357.8,33.04391154
357.8,29.22969249
357.82,30.92800627
357.84,31.35201857
357.85,33.46415912
357.87,38.51992324
357.87,33.47404752
357.89,35.99209827
357.91,33.46804437
357.93,33.03292966
357.93,33.03069376
357.94,32.1938263
358,33.87270426
358.04,28.39863877
358.08,35.56449497
358.12,33.44673689
358.12,33.02910282
358.14,31.35260657
358.18,33.45642483
358.22,34.28423746
358.22,35.98281418
358.23,36.00286261
358.3,30.50376153
358.3,32.19853677
358.3,33.8792413
358.33,30.91960689
358.37,32.61016293
358.4,33.02517209
358.43,32.60647694
358.48,32.61331917
358.5,33.8695851
358.5,30.49964474
358.51,35.57942218
358.68,30.50307162
358.73,34.30114861
358.74,30.93468336
358.79,33.46889641
358.95,30.91278463
359.12,33.44651874
359.29,33.04486751
359.45,31.33724485
359.95,35.55600385
360.33,33.02386235
360.37,33.03841448
346.43,35.99632278
346.99,33.46863308
347.34,31.76957949
347.68,30.91646719
348.03,30.91725113
348.66,30.91414013
348.9,31.76907865
349.15,31.34745044
349.56,32.180632
349.84,32.17568796
349.94,34.29264738
349.99,35.12521112
350.01,31.76659604
350.07,32.6058168
350.17,32.1860573
350.21,22.89858381
350.26,32.6043108
350.31,32.19324685
350.42,26.27790915
350.43,31.75897398
350.56,30.50796972
350.61,31.76562305
350.67,27.54666876
350.67,34.72233359
350.68,27.95385848
350.78,35.57919115
350.83,35.13939014
350.86,30.5046473
350.86,39.79918263
350.93,41.45694814
350.96,33.87177852
350.99,38.0973532
351.01,33.86475596
351.02,29.23151067
351.09,41.04732999
351.11,29.22952261
351.17,28.80311107
351.22,42.70485568
351.29,41.87715915
351.29,32.19079225
351.35,33.03775805
351.39,30.50885055
351.4,33.46452512
351.41,29.65345571
351.43,32.61339539
351.45,29.64460822
351.47,27.9676017
351.48,33.8639304
351.52,30.50214429
351.56,34.73149977
351.56,27.97532832
351.68,34.31264175
351.78,33.46040305
351.9,33.44927176
351.92,32.19061093
352.15,33.03319073
352.17,31.76595568
352.41,31.76944009
352.53,31.34106481
352.62,36.41328539
353.17,34.2891227
353.21,32.62428998
354.76,38.93816423
355.06,34.29982019
355.54,34.72381098
356.07,35.99223903
356.24,39.7751811
356.64,35.57767541
356.69,35.98622854
356.9,38.951483
357.09,34.72699144
357.22,42.29394732
357.53,43.15461411
357.54,42.31263338
357.63,40.62887108
357.73,40.21168411
357.81,40.19801726
358.12,43.99089062
324.34,27.12549421
324.35,25.85801796
324.38,27.12535098
324.38,26.29083858
324.43,27.12613325
324.48,27.12595898
324.49,27.55448189
324.53,24.59126984
324.55,26.70749989
324.57,29.66143325
324.58,24.593577
324.61,31.77012653
324.62,27.55821625
325.23,27.54144856
325.33,27.55295819
268.9,32.17365727
269.4,27.96541352
269.9,28.8179347
270,25.44085537
270.3,30.49372067
271.1,27.12755086
272.2,28.39386243
273,33.0368258
273.1,28.38612865
273.8,30.49989895
274.2,27.96932985
274.5,28.40186501
275,28.81005427
275.1,28.81936593
275.1,25.43576965
275.1,27.54166044
275.1,29.66042675
275.4,27.97093846
276.4,29.65488952
277,27.56162346
279.1,28.39624664
279.2,30.92548078
279.3,30.91892826
279.5,28.81493651
280.9,30.0828728
282.9,26.70428856
284.7,28.396676
284.7,26.70543411
284.7,30.07745833
286.8,31.35171079
288.5,28.8139415
290.1,29.66243911
290.1,26.28812003
290.5,28.80439864
291.2,26.70277166
291.3,30.08669992
291.7,33.86709931
292.3,29.22218765
292.3,27.12827065
293.2,27.97063782
293.2,27.12412809
293.4,26.70604871
293.5,25.43169261
293.8,27.55001985
294.1,28.3953824
294.6,31.77260757
294.6,30.50404447
294.9,38.91969643
295.6,30.08710568
296,29.22891606
296.3,30.51467248
296.3,30.49740374
296.5,35.14519805
296.5,30.08221406
296.7,30.91915532
296.9,30.92567587
296.9,28.39467719
297.4,27.55148886
297.4,29.66078992
297.6,27.9687661
298.1,31.34259821
298.2,29.66248303
298.6,32.19867392
298.8,35.12912828
298.8,30.06812209
298.9,27.96778599
299,26.27883481
299,32.1887242
299.2,30.5033232
299.3,31.75712483
299.5,27.54361855
299.5,32.60017172
299.5,33.86462945
299.6,28.80487903
299.8,30.07051417
300,29.22979999
300.1,30.90608391
300.7,31.77643245
300.7,31.34159507
301.4,29.66532917
301.7,28.82081853
301.7,28.38855176
301.9,27.55327005
302.4,27.96460414
302.9,30.08421059
303.4,29.67397175
303.5,28.386983
303.7,31.78024873
304,26.70901649
304.2,27.9749165
304.3,30.08551667
304.6,28.81595259
304.8,30.50487048
305,31.75655678
305.1,27.97768506
305.3,28.38440085
305.5,29.66689453
305.6,27.54304245
305.9,28.38880787
306,29.6584027
306.2,29.22834127
306.4,29.22122343
306.8,26.70466897
307,30.0771868
307.4,30.08755578
307.5,29.23406561
307.8,27.97179416
308.1,29.2461967
308.2,26.70955222
308.4,28.8099228
309.4,30.92949425
309.6,33.45400865
309.8,30.9209859
309.9,30.92146282
310.1,30.07805439
310.3,29.22603485
311.2,30.07604827
311.6,27.96966453
311.7,28.39173366
311.8,29.65997902
311.9,31.35492579
312.1,30.5042206
312.4,29.22246727
312.4,29.23350785
312.6,31.3609581
312.7,31.35483596
312.7,31.35652893
312.8,27.55247495
312.8,30.09129278
313.1,30.5090081
313.1,30.91141874
313.6,31.35796445
313.7,29.23457882
313.7,29.24709373
313.7,30.92721923
313.8,29.65720444
313.8,31.34817774
313.9,28.393296
314,29.23460318
314,30.09456554
314,30.08014025
314.5,27.12767204
314.6,27.55189557
314.7,27.9651556
314.8,27.97412911
315,27.55022375
315,28.39101738
315.1,25.87149223
315.1,27.12415867
315.1,28.3993473
315.2,26.69392449
315.2,26.28435383
315.3,27.55673245
315.3,30.93677534
315.3,27.54731944
315.3,29.23667179
315.4,26.70082539
315.4,28.38955632
315.4,25.01501832
315.5,32.62459655
315.5,26.28465685
315.7,30.51179057
315.7,29.23340002
315.8,27.12701576
316,25.85505386
316,27.11878571
316.1,25.85986979
316.1,26.70584817
316.1,26.28252162
316.2,24.59852434
316.2,25.86071443
316.2,25.8629851
316.3,26.70868932
316.4,26.71184657
316.4,27.55206526
316.4,30.08573438
316.5,27.12305733
316.6,28.39399385
316.7,28.8147952
316.9,27.9685607
317,26.69634383
317.1,27.12171713
317.2,28.38846196
317.2,27.96587979
317.4,29.66617976
317.4,27.96808221
317.5,26.6996753
317.6,27.11988749
317.6,27.54026529
317.8,24.59299466
317.9,25.43873986
318.2,26.27798385
318.3,25.85076071
318.4,23.74868667
318.6,22.9089605
318.6,27.98104555
318.8,26.69506893
319.8,27.54590851
320.2,18.68643318
321.1,25.01997855
321.3,23.75036993
321.4,28.80627494
322.2,25.86017513
322.4,25.02900399
322.5,25.43601548
322.6,27.97175969
322.8,26.70004695
323.1,26.2873067
323.3,25.01469872
323.7,25.85991158
323.8,27.55295165
323.9,28.39597129
324.1,27.96780288
324.2,27.13406938
324.4,27.55957938
324.5,30.92139953
324.6,28.8099719
324.8,27.55068227
324.9,28.81096445
325.2,25.85560052
325.4,30.07201536
325.4,27.95972046
325.6,29.23228526
325.9,29.65967321
325.9,28.39554158
326,27.11991564
326.1,28.39515739
326.2,27.12970989
326.3,28.39340831
326.5,27.96742174
326.6,29.2312395
326.7,27.55142054
326.9,28.39423821
327,28.40303301
327.1,29.22938187
327.2,30.07900044
327.2,35.97004549
327.3,28.39039462
327.3,35.14817263
327.5,29.66905039
327.6,29.23410249
327.7,30.50088112
327.8,33.47544976
327.8,27.98222897
328,27.55126435
328.2,26.28625535
328.3,31.33994761
328.5,25.86696343
328.6,24.58870019
328.7,26.28113231
328.8,26.69708383
328.8,25.43324408
328.8,25.43352144
328.9,27.96756429
329,27.97403197
329,27.13511326
329.2,25.86425953
329.3,25.43583176
329.5,27.12568972
329.7,27.13564975
329.7,27.11685998
329.7,26.27736816
330.1,24.59360765
330.1,23.74914317
330.2,27.12277405
330.2,27.55398616
330.2,25.85768463
330.3,25.01629034
330.5,22.06413986
330.5,27.98519344
330.5,27.12289263
330.5,22.90606703
330.5,24.59437577
330.6,26.71073324
330.7,20.3698306
330.7,25.4404131
330.8,24.16722198
330.8,22.9090924
330.9,24.59258328
330.9,23.75073627
330.9,25.43260089
330.9,25.4332878
331.3,25.85838561
331.5,24.17775502
332,26.70955985
332,23.74978412
332.5,24.17127732
332.9,23.7475223
333.1,26.69812754
333.2,24.16739521
333.4,27.13355548
333.5,27.54831589
333.7,26.27955816
334.1,23.32364184
334.2,23.32467282
334.3,23.32691938
334.4,22.0616351
334.4,21.21651615
334.5,23.33043901
334.6,23.75827944
334.8,22.06023617
335,23.75452585
335.2,25.86671776
335.5,23.32188828
336.4,25.01828138
336.4,27.11500517
336.5,27.12487231
337.3,25.85928847
337.5,26.26804986
338.5,20.37407383
339.2,25.85826014
252.18,25.01627063
252.19,22.05830591
252.22,30.08120066
252.23,24.17256484
252.25,23.32862258
252.29,22.06020244
252.35,25.0215991
252.44,23.32206228
252.59,22.05671006
252.6,22.48358933
252.71,20.3708719
253.05,27.13450559
253.1,23.3291705
253.17,24.16700422
253.2,24.60277031
253.29,21.64544415
253.35,22.49096549
253.35,24.59602074
253.56,23.74724547
253.64,24.59136959
253.69,26.284356
253.75,21.22013356
253.78,23.75628022
253.86,21.64352349
253.87,24.59452924
253.88,21.63880053
253.89,24.17160677
253.9,26.28134436
253.92,25.01370191
253.92,27.1272357
253.93,26.27658011
253.95,31.33709265
253.96,25.43092856
254,25.01834857
254.01,23.32916467
254.02,26.28949058
254.08,27.54702138
254.09,24.17294438
254.1,26.28911116
254.11,25.85998591
254.14,27.54163608
254.3,29.66146103
254.5,23.32963814
254.52,22.0627254
254.6,21.6406961
254.74,25.43821495
254.74,28.38916958
254.9,27.96055101
255.31,29.23632441
255.39,32.19499355
255.62,27.54581387
255.71,26.70661325
255.85,25.44005715
255.94,28.40211545
256,26.69817947
256.1,26.27553815
256.22,30.08525953
256.29,25.442125
256.35,33.45908939
256.43,30.49463791
256.52,30.92579393
256.57,26.70656496
256.64,30.08129271
256.7,30.93112624
256.7,30.08239148
256.75,29.23590916
256.86,30.93774968
256.92,28.3917886
256.93,30.9253932
256.97,30.92908949
257.06,32.17167191
257.15,27.1184834
257.26,32.18699256
257.38,27.97852422
257.39,29.64624242
257.41,30.93554095
257.5,32.19335409
257.65,30.49225025
257.65,28.81311076
257.77,28.81708952
257.93,30.07612547
257.93,29.2496972
257.93,27.97264271
257.99,28.80838089
258.08,30.07228401
258.1,30.06992486
258.16,30.49925874
258.17,34.72108609
258.18,28.3830721
258.24,28.38261892
258.33,35.9936802
258.45,31.77976181
258.5,33.03187453
258.5,28.8173174
258.51,30.08134145
258.54,34.71324538
258.56,31.34808848
258.6,31.34191915
258.65,30.08521258
258.66,33.87367987
258.81,32.18026554
258.9,35.57955319
259,31.34115442
259.01,33.87021549
259.01,27.11995562
259.09,27.540734
259.15,31.75671468
259.15,28.38589334
259.21,29.65837722
259.26,28.40588469
259.26,26.70555957
259.3,30.08161161
259.35,25.01226313
259.4,28.81073211
259.43,27.1194682
259.45,30.93028993
259.48,23.75510803
259.52,28.3898767
259.54,28.81693826
259.58,22.48108768
259.59,27.96882372
259.6,25.43136723
259.63,26.71533611
259.64,26.28205106
259.7,30.50175782
259.72,25.86480563
259.72,25.86074862
259.73,25.42892323
259.73,27.96465821
259.74,30.50395862
259.77,27.55781852
259.77,27.54165897
259.77,26.28829277
259.78,27.5471312
259.78,29.66063342
259.8,27.13382537
259.9,28.81763083
260.2,30.92189962
260.2,29.65614081
260.2,28.81876398
260.2,28.81849339
260.2,30.51162863
260.4,29.66068701
260.6,34.30500913
260.6,33.88289477
260.6,31.3430257
260.6,29.23261593
260.6,30.07732279
260.6,28.80337632
260.6,31.76648289
260.6,30.08353932
260.6,29.66151362
260.77,28.82003058
260.78,30.49304817
260.82,33.89055283
260.97,27.9760422
260.97,28.80645459
261.05,30.49207465
261.11,28.81854143
261.2,29.6659433
261.35,29.23284996
262.16,26.28220691
263.3,33.45250345
263.73,26.285232
263.87,26.27227004
264.16,27.5528401
264.45,26.70316783
264.68,27.12619148
265.08,28.82031764
265.09,26.70832389
265.43,27.96068706
265.43,27.966337
265.54,27.12746622
265.54,27.96949283
265.75,26.71123291
266.1,29.23580218
266.38,26.28893187
267.12,27.54566131
267.61,26.70054562
269.64,28.3906458
270.11,24.1785302
270.53,25.01638445
272.34,28.3939009
272.38,25.01937872
273.25,24.59720905
274.07,29.23360959
274.16,24.59331953
274.72,26.7162498
275,24.16695489
275.27,24.59985501
275.68,25.01570427
275.81,25.01414158
275.81,25.86576872
275.81,23.7503797
275.82,21.6404922
276.05,24.17260303
276.83,25.86501484
277.37,23.74527309
279.13,24.58646132
279.22,27.12041147
279.3,27.12151747
279.4,25.01963637
281.04,26.27994642
283.35,22.89751615
285.48,26.28208273
285.48,24.5909646
285.48,27.54645384
287.96,27.56130342
290,25.01924595
291,22.48482982
291.01,25.86174897
291.38,25.01796579
291.99,22.90785346
292.1,26.28085144
292.44,30.08654446
293,25.43320809
293,23.32799996
293.86,23.32887833
293.86,24.1708787
294.04,25.01422653
294.14,23.75534008
294.37,25.85769621
294.63,24.60179783
295.05,27.97672454
295.08,26.71059521
295.4,35.13646613
296,26.28235517
296.34,25.44642468
296.57,26.70821811
296.62,26.70203647
296.77,31.34470977
296.8,26.27918134
297,27.12709472
297.15,27.13003521
297.17,24.5899668
297.57,23.74617725
297.58,25.85496692
297.78,24.17226027
298.17,27.54738478
298.3,25.85910228
298.63,28.39065877
298.82,31.34764774
298.83,26.28511733
298.9,24.17350247
299.05,28.37958564
299.23,26.70962507
299.43,28.81865546
299.43,30.07839522
262.03,22.06264827
262.2,26.70019432
262.22,24.16971169
262.4,26.27901632
263.2,24.58843837
264.61,23.74507253
264.78,22.48719702
264.86,24.17506167
264.95,24.59425742
265.83,23.75503387
265.86,24.17384798
266.03,22.05622391
266.22,22.48576345
266.24,23.3325308
266.24,23.32867864
266.34,25.012513
266.36,21.63771349
266.36,23.32708301
266.37,24.17109695
266.4,22.48547108
266.43,24.17760355
270.22,27.12268875
270.26,26.70351506
270.28,25.86283287
270.53,26.28690958
272.3,28.81843212
272.34,28.392975
252.15,28.8101024
252.19,29.65746729
252.31,29.66492641
252.32,27.96059586
252.36,26.29548046
252.38,26.27917695
252.41,29.66953564
252.42,27.96915765
252.54,27.54656042
252.58,28.39863726
252.65,28.8141142
252.69,30.50131738
252.84,29.64674028
252.89,28.3808827
252.98,29.23540789
253.03,30.08106518
253.09,28.80868991
253.13,27.54560259
253.23,29.64895506
253.31,30.49412957
253.49,30.91997827
253.66,30.51697188
253.72,30.9351773
253.8,28.8243267
253.91,26.28083069
254.05,28.38423586
254.14,30.93179188
254.3,23.32839596
254.46,28.81007034
255.62,26.69204138
255.85,28.82362355
256.3,30.92185864
251.5693616,28.70347152
251.724593,30.91234349
251.7401337,31.16872005
251.7815756,32.68215927
251.7815756,33.54387346
251.7936628,28.91255068
251.80575,30.70168044
251.8161105,29.26070633
251.8299244,28.44936699
251.8402849,27.15375822
251.8506453,25.28244195
251.8506453,26.52404539
251.8506453,27.79701633
251.8575523,29.34437394
251.8748198,28.10730863
251.8748198,28.95913937
251.88,32.34955948
251.8846923,27.66070807
251.8893846,25.60103936
251.8893846,29.45947295
251.8893846,29.03260363
251.8987692,28.9940348
251.8987692,28.13572056
251.9081538,26.01989852
251.9081538,28.62738873
251.9081538,27.73961326
251.9175385,25.41147089
251.9175385,29.04118364
251.9316154,22.51485764
251.941,18.39358141
251.9413688,17.85322349
251.9424751,19.03614764
251.9435814,17.84366071
251.9520633,18.29440902
251.9550136,17.80618277
251.957595,19.35278276
251.9587014,18.83992686
251.9594389,17.82431422
251.9612828,17.33575067
251.9638643,17.13783803
251.9657081,19.72819421
251.9697647,20.21033187
251.9705023,20.08133028
251.9716086,19.34081574
251.9734525,19.23489284
251.9745588,22.70030979
251.9764027,24.46615634
251.9808281,19.68951517
251.9826719,16.74594655
251.9911538,17.99379118
251.9966855,19.86347755
252.0022172,15.98776337
252.0040611,19.15064071
252.0114367,18.29436017
252.0188122,16.39868533
252.0232376,15.93917143
252.0276629,16.38128597
252.0313507,20.14133714
252.0409389,16.87386301
252.049052,13.45699588
252.1103959,14.67778954
252.1278394,15.8705352
252.1534232,15.14216901
252.1726111,14.16975986
252.1941247,18.24627422
252.2179641,20.54744054
252.2452923,18.31511337
252.2918083,15.74732263
252.3261138,11.86686635
252.3516976,14.02497626
252.3644895,16.28128188
252.3982136,14.77354243
252.4319376,15.36775199
252.4778722,16.01777479
252.4941528,17.1771236
252.5424131,17.19172113
252.5714856,18.61655251
252.6011395,15.30467331
252.6435853,16.11219901
252.6732393,17.28986756
252.8551976,18.52579425
252.8688414,15.78819612
252.8974283,13.92905568
252.9182187,14.76995919
252.9373849,12.60957878
252.9617488,16.30384819
253.0319166,18.16747749
253.0582296,18.0256305
253.0647266,16.94991635
253.0764212,17.00569409
253.0894153,17.33944457
253.1108554,17.13805959
253.1306714,17.05097476
253.1449648,19.38557766
253.2528154,15.38651487
253.2878993,17.1088257
253.3044667,17.78623531
253.3522198,19.655127
253.371386,19.33818801
253.3928262,19.67009256
253.4204385,18.27783342
253.4557143,20.43258168
253.4880952,17.93791743
253.5310387,16.41806251
253.544277,17.25723377
253.6012016,19.73619828
253.644888,18.57733209
253.6541548,19.39883435
253.6806314,18.62208494
253.7124033,19.05831477
253.791833,21.04264751
253.8156619,20.45267547
253.8328717,21.39268139
253.9136253,18.20829172
253.977169,19.21949055
254.0076171,21.9653712
254.0195316,21.32426715
254.0274745,22.17263464
254.0327699,22.33929528
254.0367413,23.31970023
254.0420367,22.69428908
254.047332,23.77681635
254.0685132,24.7461075
254.1148473,26.47841624
254.14,26.23215246
254.147943,24.05579059
254.1519145,26.25892441
254.2564969,23.87239098
250.914,33.35071978
251.226,32.82343763
251.4054,31.08618449
251.8175,32.42129014
251.876,29.12582722
251.8955,28.66338842
251.8955,29.81322301
251.9241,26.65509068
251.9546584,19.37130141
251.9683168,20.25341995
251.975146,25.60040953
251.9888043,25.36682697
251.9956335,23.99570621
252.0092919,20.62102434
252.0552641,23.93380403
252.0570963,22.66629729
252.0707547,18.75060885
252.0818479,20.49712402
252.1253882,19.44708551
252.1748915,20.45940067
252.2214133,21.24976091
252.3078109,21.78619889
252.3211029,16.42307643
252.4806062,17.65929084
252.50719,16.41249961
252.5736497,16.89672064
252.6401094,17.27136196
252.6666933,19.96407877
252.7198611,19.93236812
252.7863208,18.19755613
252.8394885,18.01750638
252.972408,17.59072718
253.1186193,20.31254649
253.2515387,16.91421269
253.3711662,16.42131167
253.4509178,17.72354933
253.5439614,20.97218093
253.623713,21.12619906
253.7433405,23.60082427
253.849676,20.15490872
253.9560116,20.68563173
254.0623471,21.60529062
251.8867059,35.23758563
251.8912941,34.42085173
251.8966471,33.63081208
251.902,34.39403052
251.9058235,35.57695746
251.9211176,35.314497
251.9249412,32.45271887
251.9356471,25.53277947
251.9356471,28.76392848
251.9387059,25.59491078
251.9394706,26.15503036
251.9429334,28.480266
251.9429334,30.37209724
251.9453501,29.32048144
251.9453501,29.34875792
251.9468002,26.54536339
251.9475252,30.06295204
251.9482502,26.87835699
251.9482502,26.41775455
251.9579172,25.02891553
251.9579172,24.9496217
251.9748345,24.44244037
251.9748345,24.97206335
251.9748345,23.03400231
251.999002,23.65185304
252.0231695,25.05573865
252.0231695,23.63566299
251.8098793,33.02049943
251.8428276,34.72754285
251.8435,33.11677411
251.8522414,28.47718704
251.8522414,32.46132827
251.8562759,35.55546092
251.8562759,36.30930527
251.8569483,33.62466075
251.8690517,32.03084299
251.8690517,34.30356786
251.8717414,30.13590599
251.8717414,34.22140869
251.8717414,32.42570252
251.8751034,30.22289411
251.8751034,32.95953331
251.8771207,29.0476729
251.8771207,35.17974202
251.8831724,29.03372179
251.8831724,30.86718469
251.8831724,34.83520935
251.8831724,28.55115135
251.8831724,33.44679767
251.8831724,36.14408019
251.8878793,31.14503226
251.8878793,32.1400335
251.8919138,31.07076108
251.8972931,28.27233635
251.8972931,33.62969714
251.9006552,30.04730822
251.9006552,32.20727044
251.9040172,30.10177332
251.9040172,31.30900471
251.9087241,28.31453529
251.9087241,28.75072811
251.9208276,29.51754622
251.9208276,25.99884485
251.9288966,26.29319664
251.9288966,24.75817692
251.9535543,27.71649434
251.9535543,28.95787863
251.9615435,26.9071333
251.9615435,25.40907824
251.9758098,23.21932161
251.9758098,25.24630146
251.9855109,21.68196872
251.9980652,24.59642863
251.9980652,24.78497849
252.0094783,23.40793811
252.0094783,26.12624551
252.046,24.82776644
252.046,25.60340603
252.1347849,21.47133923
252.1675968,20.03473968
252.1675968,23.26985338
252.2737527,27.05931329
252.2737527,24.67496794
245.9,26.5
245.9,24.7
246.38,25.6
246.73,24.7
246.75,28.3
246.82,24.7
246.97,25.6
247.05,25.6
247.2,25.15
247.24,24.25
247.3,26.95
247.3,25.15
247.42,28.3
247.52,28.3
247.55,26.95
247.56,28.3
247.66,28.3
247.75,29.2
247.8,29.65
247.91,26.95
247.91,29.2
248.02,27.4
248.3,29.65
248.31,29.65
248.31,29.2
248.4,29.2
248.42,29.2
248.57,29.65
248.65,29.65
248.72,29.2
248.9,28.3
249.37,31.45
249.38,27.4
249.67,26.95
249.79,26.5
250.01,29.65
250.08,27.85
250.22,32.35
250.29,28.3
250.36,28.3
250.38,32.8
250.4,28.3
250.42,32.8
250.44,31
250.45,32.8
250.5,33.7
250.52,33.7
250.54,34.6
250.57,29.65
250.66,29.2
250.68,31.9
250.7,32.35
250.72,32.8
250.75,34.15
250.77,28.75
250.82,32.35
250.9,32.8
250.9,28.75
250.97,29.65
251,26.95
251.08,29.2
251.12,27.85
251.13,29.2
251.15,26.5
251.2,28.75
251.2,25.15
251.25,27.4
251.25,27.4
251.28,27.4
251.32,25.6
251.32,27.85
251.38,28.3
251.42,28.3
251.44,30.55
251.54,32.35
251.55,30.55
251.62,23.35
251.9,26.05
203.46,23.53
205.59,22.81
207.72,23.935
209.46,22.855
209.46,23.08
209.7,19.48
209.94,26.23
210.18,21.865
210.66,27.13
211.61,26.32
212.09,26.905
212.57,27.4
213.05,23.665
213.28,29.38
213.52,30.595
214,26.275
214.96,27.4
216.19,22.27
217.42,22.945
226,20.38
227,23.755
228.71,27.175
229.07,26.005
231.05,27.625
232.31,26.68
233.57,22.405
234.29,22.63
235.01,22.63
235.19,22.495
235.25,22.585
235.91,23.08
236,21.775
236.45,23.305
237,20.92
237,21.28
237.3,26.59
237.6,26.41
237.9,21.325
238.2,25.51
238.5,25.06
239.79,25.555
240.13,30.415
240.82,30.505
241.5,24.115
241.5,30.235
241.8,26.05
242.12,22.315
242.12,25.6
242.74,30.01
243,29.605
243.5,31.945
246.65,28.975
247.3,35.815
247.8,34.33
202.04,21.145
202.75,22.945
204.17,22.945
204.88,22.045
205.59,22.945
206.3,24.07
207.01,24.34
210.42,23.665
210.89,23.485
211.13,22.675
211.37,20.83
211.85,23.395
212.33,21.01
212.81,20.425
221.87,19.93
228.53,19.795
238.8,27.805
239.44,22.9
244.4,26.905
244.6,25.96
244.75,24.655
244.9,25.555
245.3,26.095
245.65,26.815
246,26.05
246.5,27.58
246.6,26.41
246.7,26.185
231,28.3
231.5,29.65
231.6907895,29.65
232.4605263,26.5
232.7105263,26.05
232.8947368,23.8
233.0131579,25.15
233.2236842,22.9
233.5,23.8
233.5595238,26.05
233.6904762,27.4
233.9642857,24.7
234.0357143,26.5
234.1666667,23.35
234.2857143,23.35
234.4047619,26.5
234.547619,23.8
234.7142857,26.5
234.8214286,24.25
234.9642857,23.8
235.7261905,25.15
235.8333333,23.35
235.8690476,23.8
235.9880952,24.7
236.1190476,24.7
236.2380952,25.6
236.4166667,24.7
236.9285714,28.3
201.4,13.211568
201.4,9.590192
201.4,13.085052
201.4,12.205488
201.3739953,11.831772
201.3739953,11.956128
201.3739953,7.927328
201.3739953,11.8732
201.3739953,12.874672
201.3739953,7.615392
201.3739953,9.2303
201.3361702,10.681532
201.3361702,11.956128
201.3361702,5.100528
201.3361702,11.295392
201.2869976,13.507612
201.2869976,10.0327
201.2822695,11.131168
201.2822695,14.445692
201.2799054,11.6663
201.2799054,11.6663
201.2799054,11.6663
201.2799054,11.6663
201.2737589,10.763068
201.2737589,11.377648
201.263357,12.9167
201.2600473,14.875932
201.2600473,14.1887
201.2600473,15.787248
201.2600473,12.958752
201.2458629,15.135228
201.2264775,14.8328
201.2264775,14.8328
201.2264775,14.231472
201.2264775,12.874672
201.2264775,13.465248
201.2264775,15.962032
201.2208038,16.974492
201.2160757,10.559408
201.2052009,15.395388
201.2037825,16.444668
201.2037825,16.444668
201.2037825,16.093372
201.2037825,16.488688
201.1914894,16.7975
201.1914894,16.488688
201.1820331,13.042928
201.1820331,13.042928
201.1806147,14.919088
201.1735225,13.253788
201.1735225,12.455712
201.1683215,12.581148
201.1683215,10.803872
201.1631206,13.380592
201.1631206,13.719792
201.1631206,13.719792
201.1309693,16.532732
201.1309693,15.9183
201.1219858,19.219292
201.1219858,16.7975
201.1106383,14.359932
201.0023641,16.093372
201.0023641,15.962032
201,19.173808
200.992435,18.992112
200.9593381,15.569308
200.9593381,11.707632
200.8959811,15.656412
200.8959811,17.730992
200.8959811,16.224928
200.8312057,15.221852
200.8264775,17.999648
200.7205674,17.507772
200.7205674,16.841712
200.6832151,20.4103
200.6094563,20.318108
200.6094563,16.753312
200.5905437,19.219292
200.5749409,19.629728
200.5749409,17.418652
200.4359338,20.088048
200.4335697,19.310332
200.4335697,21.244348
195.5,23.315868
194.612061,20.318108
194.4527495,17.91
194.2562384,23.793148
194.1834566,22.698992
194.0742837,23.6975
193.3909427,16.753312
193.3505083,19.128348
192.9671904,20.687452
192.8960259,20.18
192.8636784,20.18
192.1876155,20.042108
192.0727819,18.946748
192.0283041,15.351968
192.0283041,19.904432
192,31.549468
178.8895464,18.537136
179.3069034,19.535161
179.6199211,20.3489
179.9284024,22.7724
180.5,22.186656
180.5774443,22.235369
180.6384318,20.396929
180.6577928,21.071225
180.7826718,21.506564
180.8049371,25.041764
180.8823814,19.106464
180.964666,24.001025
180.9762827,19.726161
181.0556631,22.528025
181.0847047,21.894756
181.0847047,22.089284
181.1021297,21.991984
181.125363,24.198649
181.125363,24.347056
181.3906099,22.089284
181.4215876,23.459044
181.4215876,22.381616
181.5,22.430401
180.5,21.7976
180.8198903,20.733636
180.8198903,21.943361
180.8259259,22.479204
180.9086145,20.637344
181.0703704,21.749049
181.166941,21.264529
181.2665295,22.576864
181.3431824,23.360736
181.3932785,24.545184
181.8761317,23.409881
182.2986283,19.344449
182.4102881,17.782064
182.4887517,17.5001
182.5853224,18.4425
182.6366255,19.249201
182.6668038,20.3489
182.7,21.894756
182.7,15.914544
182.7,18.395209
182.7100223,16.378724
182.7100223,16.285744
182.7902004,15.960881
182.8636971,16.146409
182.8971047,15.590689
182.9832962,13.8025
183.15902,14.487025
183.2057906,17.125156
183.2057906,16.425241
183.4890869,15.406025
183.4890869,16.844704
183.4890869,15.544496
183.8485523,16.053609
183.9253898,15.313801
184.2,15.452164
184.7769304,15.544496
186.7605338,22.821329
186.7605338,23.508225
187.5773117,21.3129
187.6,20.589225
188.3104319,20.685481
188.3104319,20.637344
188.4025249,21.458121
188.5,25.640036
189,20.156964
189.8531114,20.541124
189.8991317,20.252896
189.9247467,19.201604
189.9629522,21.846169
189.9629522,20.109025
189.9681621,18.9164
190.1956585,19.726161
190.2017366,18.821476
190.3319826,19.344449
190.3345876,24.099801
190.5551375,18.631844
190.5946454,20.83
190.6558611,20.444976
190.7170767,21.991984
190.7170767,21.991984
190.7952243,18.111841
190.7952243,28.619241
190.7952243,18.111841
190.7952243,19.154025
190.8,21.943361
190.8,21.943361
192,20.493041
178.2,21.022944
178.6536489,21.555025
178.8804734,24.842916
180.6190707,22.479204
180.6384318,20.109025
180.6577928,24.198649
180.6887706,20.926436
181.0847047,21.603504
181.1292352,21.3129
181.214424,20.685481
181,24.693969
181.8,24.644356
182.5,20.300889
182.8,15.313801
183.5,16.704721
184,15.6369
186,21.943361
187,20.204921
178.3,25.3852
178.4615385,27.697788
178.6230769,25.1423
178.7846154,34.2647
178.9461538,35.06
179.1076923,31.1375
179.2692308,26.8552
179.4307692,31.1375
179.5923077,28.246688
179.7538462,30.522428
179.9153846,30.3692
180.0769231,34.688188
180.2384615,31.3948
180.4,27.5983
180.5181818,27.8472
180.6363636,30.8808
180.7545455,29.504988
180.8727273,28.196668
180.9909091,31.291808
181.1090909,28.0967
181.2272727,25.8728
181.3454545,34.5292
181.4636364,25.3852
181.5818182,22.51
181.7,21.3375
181.737037,23.2207
181.7740741,24.320928
181.8111111,21.5708
181.8481481,26.8552
181.8851852,25.8728
181.9222222,22.9832
181.9592593,21.1048
181.9962963,19.447072
182.0333333,21.5708
182.0703704,22.51
182.1074074,19.2648
182.1444444,18.3592
182.1814815,20.088048
182.2185185,19.858588
182.2555556,24.6583
182.2925926,23.2207
182.3296296,25.190832
182.3666667,20.8727
182.4037037,22.180188
182.4407407,17.6863
182.4777778,18.8108
182.5148148,20.18
182.5518519,18.8108
182.5888889,20.18
182.6259259,22.0392
182.662963,21.1048
182.7,18.8108
182.8,17.6863
180.2,37.2072
180.3,30.6247
180.4,25.3852
180.4875,27.35
180.575,31.291808
180.6625,30.471328
180.75,29.758448
180.8375,31.3948
180.925,28.999868
181.0125,29.86
181.1,35.06
181.8,22.840988
181.85625,20.318108
181.9125,22.604448
181.96875,18.8108
182.025,21.430748
182.08125,27.648032
182.1375,20.8727
182.19375,15.4823
182.25,19.0375
182.30625,20.4103
182.3625,20.8727
182.41875,19.4927
182.475,18.8108
182.53125,21.1048
182.5875,22.0392
182.64375,18.5847
182.7,21.5708
182.8,18.5847
182.9,16.488688
183,18.5847
183.1,22.840988
183.2,16.5768
183.3,17.0188
183.4,16.1372
183.5,18.5847
183.6,19.2648
178.3,23.841008
178.4235294,24.610032
178.5470588,25.3852
178.6705882,22.7463
178.7941176,25.3852
178.9176471,20.8727
179.0411765,22.888368
179.1647059,22.7463
179.2882353,24.513568
179.4117647,24.1767
179.5352941,23.601948
179.6588235,25.3852
179.7823529,23.9368
179.9058824,23.4588
180.0294118,27.996828
180.1529412,22.0392
180.2764706,24.4172
180.4,24.1767
180.452,22.651708
180.504,27.8472
180.556,25.1423
180.608,24.6583
180.66,24.4172
180.712,24.9
180.764,25.1423
180.816,24.803248
180.868,22.51
180.92,25.8728
180.972,27.996828
181.024,25.6287
181.076,25.1423
181.128,24.320928
181.18,27.996828
181.232,29.3532
181.284,25.3852
181.336,30.1143
181.388,29.758448
181.44,25.6287
181.492,25.045308
181.544,24.080668
181.596,22.698992
181.648,30.3692
181.7,25.3852
181.7909091,21.1048
181.8818182,22.415648
181.9727273,21.5708
182.0636364,19.9503
182.1545455,19.4927
182.2454545,18.8108
182.3363636,18.044508
182.4272727,17.596988
182.5181818,19.9503
182.6090909,16.444668
182.7,20.8727
182.7882353,15.9183
182.8764706,15.7
182.9647059,14.488608
183.0529412,16.444668
183.1411765,15.7
183.2294118,16.1372
183.3176471,16.1372
183.4058824,15.9183
183.4941176,15.9183
183.5823529,18.3592
183.6705882,19.2648
183.7588235,13.55
183.8470588,13.422908
183.9352941,14.1887
184.0235294,13.9752
184.1117647,15.787248
184.2,18.224188
163.5,10.761712
163.5,13.9625
163.5,11.104477
163.5,11.526272
163.5,12.928688
163.5,11.028125
163.7,10.951877
163.7,10.270325
163.7,10.761712
163.7,10.685828
163.7,10.913792
163.7,10.8377
163.9,11.449348
163.9,11.526272
163.9,11.757668
163.9,11.873717
163.9,11.526272
163.9,10.307968
164.1,11.449348
164.1,12.262237
164.1,11.99
164.1,11.873717
164.1,10.007552
164.1,10.610048
164.1,11.6033
164.1,11.372528
164.1,11.028125
164.1,11.564773
164.1,9.634372
164.1,12.262237
164.1,12.731893
164.1,11.066288
164.1,10.270325
164.25,11.257493
164.25,14.3648
164.25,12.496597
164.25,11.028125
164.25,11.796325
164.6,10.951877
164.6,11.334157
164.6,14.566925
164.6,13.762325
164.6,11.680432
164.6,11.2192
164.6,13.403648
164.6,12.928688
164.85,13.483172
164.85,11.680432
164.85,11.912452
164.85,12.849892
164.85,11.449348
164.85,11.796325
165.2,11.835008
165.2,12.340253
165.2,10.383332
165.2,10.270325
165.2,12.810533
165.2,11.912452
165.2,11.680432
165.2,10.875733
165.8,11.104477
165.8,11.526272
165.8,13.284557
165.8,10.989988
165.8,11.257493
158.6,17.730992
158.6,16.005788
158.6,16.7975
158.6,13.634848
158.6,14.274268
158.47,7.498812
158.47,11.956128
158.47,7.927328
158.47,9.310108
158.47,11.583708
158.47,14.660512
158.47,11.008252
158.47,11.997628
158.3,9.2303
158.19,14.145952
158.19,13.085052
158.15,8.280092
158.15,12.122272
158.15,13.507612
158.02,11.748988
158.02,14.1887
158.02,14.4028
158.02,13.889968
158.02,11.336508
157.53,14.962268
157.53,18.856092
157.53,14.574512
157.53,15.091952
157.53,20.687452
157.53,16.224928
157.53,18.449328
157.3,14.445692
157.3,17.596988
157.3,10.0327
157.3,12.163868
157.3,18.3592
157.3,17.999648
157.3,18.044508
157.3,19.858588
156.75,14.574512
156.75,16.532732
156.75,15.525792
156.75,16.1372
156.69,17.596988
156.69,17.4632
156.69,17.954812
155.86,18.404252
155.86,19.219292
155.86,18.3592
155.86,18.404252
155.86,23.363488
155.86,18.539552
155.86,19.904432
155.78,23.2207
155.78,20.502588
155.78,22.321392
155.69,18.946748
155.69,22.227232
155.5,18.494428
155.5,18.044508
155.5,19.401468
134.1069307,9.8312
134.3274752,10.2348
134.4363861,11.46
134.5180693,11.46
134.5589109,10.6408
134.9564356,11.8732
135,11.8732
135.0804233,11.46
135.1121693,11.8732
135.2074074,10.2348
135.3343915,11.0492
135.4021164,11.46
135.4571429,11.46
135.5798942,11.0492
135.6201058,11.46
135.7026455,11.46
135.757672,11.8732
135.8,11.46
135.8507246,13.55
135.8852174,11.0492
135.9115942,10.2348
135.94,11.46
135.9724638,7.0732
135.9826087,11.0492
135.9988406,11.46
135.9988406,11.46
136.0292754,11.0492
136.0556522,10.6408
136.075942,11.46
136.084058,10.6408
136.1205797,12.7068
136.1226087,11.46
136.1449275,12.2888
136.1469565,12.2888
136.1652174,11.46
136.1895652,12.7068
136.1895652,11.46
136.2098551,11.46
136.3031884,11.0492
136.3214493,10.6408
136.3904348,11.8732
136.4289855,13.1272
136.4391304,13.1272
136.4533333,11.0492
136.4695652,12.7068
136.4797101,11.8732
136.493913,12.2888
136.5,11.46
136.5304786,13.9752
136.6634761,13.55
136.7355164,12.7068
136.7770781,12.7068
136.8324937,11.0492
136.9350126,9.8312
136.9987406,13.55
137.1843829,12.2888
137.2010076,12.7068
137.334005,11.0492
137.3506297,13.1272
137.4559194,13.1272
137.5667506,12.7068
137.6,11.46
137.7086519,12.2888
137.8100604,13.1272
137.8643863,11.46
138.0092555,12.2888
138.0454728,12.2888
138.0925553,12.2888
138.1686117,11.8732
138.4655936,12.2888
138.4981891,13.1272
138.6539235,13.1272
138.7806841,12.2888
139.0052314,11.8732
139.0885312,13.1272
139.0885312,12.7068
139.117505,13.1272
139.131992,12.2888
139.1609658,12.2888
139.1609658,13.55
139.2152918,11.46
139.2334004,11.8732
139.2696177,11.8732
139.2985915,13.1272
139.3963783,11.46
139.3963783,13.1272
139.4,13.55
125.2580556,14.574512
125.6972222,14.274268
126.5152778,14.1887
127.2472222,12.413948
127.2472222,12.748732
127.2902778,11.377648
127.2902778,13.889968
127.6175,13.169372
127.6175,13.592412
127.6175,14.060528
127.8069444,12.790688
127.8456944,12.455712
127.8827222,13.677308
127.91975,12.539312
127.9567778,14.4028
127.9938056,13.932572
128.0308333,12.581148
128.0308333,14.060528
128.4097222,15.0487
128.5991667,13.719792
129.0469444,12.247132
129.4,13.9752
129.456,12.748732
129.6036364,12.874672
129.6036364,12.539312
129.6163636,14.445692
129.8250909,12.9167
129.9396364,13.634848
129.9727273,13.1272
130.0032727,13.507612
130.0490909,14.4028
130.2145455,14.746608
130.2527273,13.677308
130.2654545,13.296032
130.2781818,14.317088
130.4309091,13.55
130.4818182,12.874672
130.5327273,13.085052
130.5505455,13.7623
130.5696364,14.103228
130.5887273,13.592412
130.6078182,12.832668
130.6269091,12.664892
130.646,13.55
130.6650909,13.296032
130.6841818,12.372208
130.7032727,12.413948
130.7223636,14.6175
130.7414545,12.330492
130.7605455,12.623008
130.7796364,11.624992
130.8,13.465248
131.0757576,12.413948
131.0875758,11.131168
131.0954545,11.583708
131.2530303,12.455712
131.2530303,12.2888
131.2845455,12.0807
131.3515152,13.804832
131.6272727,13.085052
131.6863636,11.542448
131.9345455,13.1272
132.0724242,13.211568
132.1,12.539312
99.7,21.700516
99.7,25.940144
99.7,22.870276
99.9,21.458121
99.9,24.347056
100.32,23.803689
100.32,24.001025
100.32,24.347056
100.37,20.83
100.37,25.290729
100.38,24.001025
100.39,25.2409
100.4,22.430401
100.51,26.2409
100.52,23.360736
100.53,22.870276
100.54,23.508225
100.54,24.001025
100.54,24.347056
100.54,24.545184
100.54,25.490225
100.54,25.74
100.54,26.492025
100.55,26.7436
100.55,25.990225
100.55,26.492025
100.56,27.349216
100.56,28.7724
100.56,29.181616
100.57,26.7436
100.58,26.2409
100.58,23.508225
100.66,25.490225
100.66,25.990225
100.68,24.495625
100.72,24.495625
100.72,25.490225
100.74,26.2409
100.74,24.297569
100.75,26.693249
100.75,25.340576
100.76,25.74
100.76,26.140576
100.77,21.506564
100.77,22.625721
100.77,24.942304
100.77,25.790009
100.77,26.341296
100.78,29.437961
100.79,25.890081
100.8,23.2625
100.8,24.2481
100.8,25.141296
100.81,22.040625
100.81,25.440324
100.82,25.490225
100.82,28.313409
100.82,20.204921
100.82,24.198649
100.83,25.640036
100.83,25.840036
100.84,30.3129
100.84,26.140576
100.85,28.109881
100.85,25.74
100.86,28.211609
100.86,26.894761
100.86,26.040324
100.87,25.141296
100.87,26.341296
100.9,25.640036
100.91,25.041764
100.92,25.990225
100.92,25.191089
100.94,24.545184
100.94,25.640036
100.95,24.842916
100.97,25.340576
100.97,25.390441
100.97,25.840036
100.97,29.437961
100.98,27.652996
100.99,26.7436
100.99,25.890081
101.01,25.890081
101.01,26.140576
101.02,27.147056
101.04,27.551664
101.05,28.823489
101.08,24.198649
101.08,26.190729
101.09,24.347056
101.11,26.542304
101.11,27.7544
101.19,26.542304
101.19,26.642916
101.2,25.690009
101.21,29.028025
101.22,25.990225
101.22,24.347056
101.22,25.041764
101.22,25.290729
101.23,25.640036
101.24,25.191089
101.24,28.2625
101.25,28.211609
101.25,26.441764
101.26,26.341296
101.26,29.386656
101.3,26.642916
101.31,28.7724
101.32,27.298649
101.32,28.823489
101.32,27.399801
101.32,29.386656
101.32,28.415281
101.35,28.059044
101.36,24.347056
101.36,27.957424
101.36,24.396561
101.38,25.940144
101.38,28.364336
101.38,25.890081
101.39,26.592601
101.4,28.364336
101.44,29.079204
101.52,23.803689
101.58,26.341296
101.61,25.2409
101.63,26.341296
101.63,26.441764
101.64,25.74
101.65,25.041764
101.67,25.191089
101.72,26.391521
101.72,25.990225
101.72,26.542304
101.73,24.644356
101.73,26.391521
101.8,26.542304
101.8,28.670276
101.83,30.158121
101.83,24.347056
101.85,25.091521
101.86,26.341296
101.87,26.090441
101.87,25.74
101.87,29.591984
101.91,27.349216
101.92,30.519524
101.92,24.001025
102.03,24.644356
102.03,26.140576
102.03,22.381616
102.12,27.703689
102.14,25.440324
102.18,23.803689
102.41,25.340576
102.42,27.2481
102.45,25.490225
102.46,24.396561
102.47,26.441764
102.5,25.840036
102.52,24.396561
102.52,28.364336
102.54,24.842916
102.54,25.890081
102.54,26.391521
102.55,26.7436
102.56,24.2481
102.57,28.2625
102.58,26.894761
102.62,25.640036
102.63,25.590081
102.66,26.040324
102.68,23.902321
102.69,26.844356
85.0312,34.11969407
85.0962,34.80261478
85.494,35.13827645
85.7592,36.12308739
86.1206,35.79843123
86.3175,35.79843123
86.74916667,35.79843123
87.1925,35.79843123
87.62708333,36.12308739
88.07041667,36.12308739
88.50208333,35.79843123
88.89,36.76194519
89.38875,36.12308739
89.80569444,36.76194519
89.87744444,36.12308739
90.0255,37.0762946
90.24075,36.76194519
90.39336111,36.76194519
90.46185714,36.12308739
90.51180556,36.76194519
90.72705556,37.0762946
90.87966667,37.0762946
91.0505,36.76194519
91.21742857,36.76194519
91.21905556,36.12308739
91.38988889,35.13827645
91.56072222,35.47018765
91.73155556,36.12308739
91.84544444,36.12308739
91.87391667,36.76194519
91.90808333,36.76194519
91.95542857,36.44423368
92.07208333,34.11969407
92.24291667,36.44423368
92.41375,36.12308739
92.54114286,37.38735234
92.58458333,36.12308739
92.73036111,36.12308739
92.86133333,36.44423368
92.998,37.0762946
93.039,36.76194519
93.13694444,36.12308739
93.35561111,36.12308739
93.53213889,36.44423368
93.68930556,36.76194519
93.86485714,36.44423368
93.9,36.44423368
93.9,36.76194519
94,35.47018765
94.1,36.44423368
94.3,36.44423368
94.38052632,36.76194519
94.55421053,36.44423368
94.65957895,36.12308739
94.66884211,35.13827645
94.81126316,34.80261478
94.98031579,35.13827645
95.09957895,36.12308739
95.23621053,35.13827645
95.38210526,36.12308739
95.54884211,34.80261478
95.79084211,36.12308739
95.95410526,33.77225452
96.13705263,33.42070317
96.34084211,34.11969407
96.49368421,33.77225452
96.61410526,34.11969407
96.74842105,33.42070317
96.96378947,33.77225452
97.10505263,33.77225452
97.25442105,33.77225452
97.41884211,33.06494152
97.618,32.7048675
97.68747368,33.06494152
97.71642105,33.42070317
98.03252632,33.42070317
98.40305263,33.77225452
98.86157895,33.42070317
99.36757895,33.06494152
99.77863158,32.7048675
100.104,34.46311688
100.2892632,33.77225452
100.5266316,34.46311688
100.8033684,34.46311688
101.3267368,35.13827645
101.9056842,34.80261478
102.4313684,35.13827645
103.0612632,34.11969407
104.1832632,35.13827645
104.8478947,35.13827645
78.64420089,23.508225
78.73594196,20.83
78.82829464,23.360736
79.02584375,23.213409
79.12003125,19.535161
79.2185,22.919241
79.31024107,21.167841
79.80625446,19.344449
79.89126786,22.674596
79.98300893,23.803689
80.16710268,22.821329
80.48513839,23.409881
80.49981696,22.968224
81.13221875,27.399801
81.22395982,21.991984
81.27655804,25.790009
81.37196875,24.7436
81.44658482,25.940144
81.91935714,26.693249
82.11996429,25.790009
82.65267411,28.008225
83.88812054,26.693249
84.36089286,31.037344
78.54573214,18.679225
78.64420089,18.064676
78.73594196,19.487456
78.91942411,24.396561
79.02584375,18.017529
79.12003125,17.078369
79.12675893,20.252896
79.15,19.487456
79.2185,19.249201
79.39953571,19.201604
79.70778571,17.876196
79.80625446,17.218784
79.89126786,18.489809
79.98300893,20.252896
80.07964286,24.545184
80.16710268,19.678384
80.26067857,20.252896
80.29003571,19.630625
80.38361161,19.535161
80.48513839,23.066244
80.49981696,19.154025
80.86983929,21.361289
80.96158036,24.892601
81.09429911,20.878209
81.13221875,21.071225
81.27655804,23.557424
81.32242857,22.576864
81.37196875,23.360736
81.44658482,27.147056
81.91935714,22.479204
82.11996429,22.528025
82.29366071,22.332849
82.65267411,26.040324
83.86426786,27.147056
83.88812054,25.690009
84.36089286,25.940144
84.72174107,24.942304
85.39817857,28.364336
85.52172321,29.130401
79.70778571,22.137961
79.80625446,19.917449
79.89126786,20.974681
79.98300893,22.235369
80.07964286,20.156964
80.16710268,20.83
80.26067857,20.781809
80.29003571,19.535161
80.38361161,21.216176
80.48513839,25.490225
80.86983929,22.576864
81.09429911,22.870276
81.13221875,22.7724
81.22395982,21.943361
81.27655804,23.655876
81.32242857,26.040324
81.37196875,25.191089
80.48513839,22.968224
80.49981696,19.296816
82.29366071,20.3489
78.64420089,18.963889
78.82829464,25.340576
78.91942411,23.017225
79.02584375,21.361289
79.31024107,21.3129
81.09429911,22.235369
81.13221875,23.2625
81.22395982,23.606641
81.27655804,23.115281
81.32242857,25.640036
81.37196875,23.803689
81.91935714,24.545184
82.11996429,25.590081
82.29366071,23.311609
82.65267411,27.096561
85.52172321,29.643361
78.54573214,18.4425
80.07964286,23.311609
80.16710268,18.347936
80.26067857,16.844704
80.38361161,19.726161
80.48513839,20.156964
80.96158036,24.149216
81.13221875,22.430401
81.22395982,20.685481
81.91935714,21.022944
82.11996429,24.198649
82.29366071,24.001025
82.65267411,26.894761
83.55907589,28.568224
83.86426786,28.364336
85.06179464,24.992025
85.39817857,28.313409
85.52172321,29.952001
78.54573214,16.239281
79.2185,19.630625
78.54573214,18.726624
78.64420089,16.844704
78.82829464,22.919241
78.91942411,22.430401
79.02584375,18.631844
79.12003125,20.685481
79.80625446,18.537136
80.86983929,19.106464
80.96158036,24.992025
81.13221875,25.74
81.22395982,21.167841
81.44658482,25.2409
82.29366071,22.186656
82.65267411,24.495625
85.06179464,27.602321
83.88812054,28.2625
84.72174107,30.83
85.52172321,28.874596
85.64159821,28.976864
85.94434375,29.437961
85.39817857,27.602321
85.52172321,30.83
85.94434375,28.619241
83.55907589,28.364336
83.86426786,26.441764
83.88812054,25.2409
84.36089286,30.467841
84.63917411,27.2481
84.72174107,29.130401
85.06179464,28.568224
85.39817857,29.746169
85.52172321,24.396561
85.64159821,27.855876
85.94434375,26.090441
78.54573214,16.984849
78.64420089,19.3921
78.73594196,19.965316
78.82829464,24.942304
78.91942411,21.700516
79.02584375,22.137961
79.12003125,21.458121
79.12675893,21.216176
79.2185,22.2841
79.31024107,18.963889
79.39953571,21.652001
78.54573214,19.058921
78.64420089,20.444976
78.73594196,20.061104
78.82829464,25.840036
78.91942411,20.541124
79.02584375,19.201604
79.12003125,21.119524
79.12675893,20.926436
79.2185,20.926436
79.31024107,19.344449
79.39953571,20.493041
78.54573214,18.395209
78.64420089,20.637344
78.73594196,19.487456
78.82829464,22.089284
78.91942411,21.603504
79.02584375,21.7976
79.12003125,22.332849
79.12675893,19.821769
79.2185,20.252896
79.31024107,20.3489
79.39953571,19.773956
78.54573214,20.204921
78.64420089,18.347936
78.73594196,20.926436
78.82829464,23.164336
78.91942411,22.968224
79.02584375,21.894756
79.12003125,20.637344
79.12675893,20.733636
79.2185,21.071225
79.31024107,20.300889
79.39953571,21.216176
9.72,27.5422703
9.79,25.34804956
10.13,25.38129444
10.36,24.47985552
10.43,24.04091263
10.52,26.24658981
10.59,25.79774552
10.65,26.67644667
10.77,27.10365252
13.84,26.2181897
15.57,27.97710807
16.05,29.74036104
16.06,31.51877167
16.11,29.75344648
16.32,29.77328278
16.43,30.634412
16.65,31.50575644
16.76,31.51557704
16.84,31.49902422
17.01,32.80866963
17.11,32.84216089
17.39,31.08420363
17.64,29.77078737
18.35,31.09715907
19.52,30.20408659
19.59,31.06489841
19.71,28.84845363
19.86,28.90524348
19.9,28.42175281
19.94,26.24636344
20,29.75513663
20.36,30.17182074
8.92,24.91588985
9.2,24.93260189
9.29,24.048395
9.37,24.91364344
9.42,23.58917244
9.51,25.36191611
9.84,26.22715107
9.86,24.50830363
9.94,23.58716996
10.08,26.65681333
10.11,23.608543
10.18,27.54162178
10.24,26.23652596
10.3,25.79238304
10.48,25.75392293
10.83,24.92638826
10.91,25.78972904
10.97,26.65227341
10.97,27.99756674
11.04,25.3570997
11.17,21.83186352
11.19,22.28649562
11.25,27.12007533
11.39,25.79987885
11.45,24.45423952
11.52,26.22198504
11.58,25.35559048
11.62,27.12506263
11.73,24.48305263
11.93,24.89404585
11.96,25.33514322
12,26.2468293
12.04,26.23019585
12.11,26.67650789
12.28,26.23732344
12.28,27.56501574
12.34,26.65812611
12.47,26.20439941
12.52,25.37031963
12.59,26.65789848
12.64,26.67725141
12.68,27.10647559
12.74,20.06811001
12.78,24.92420793
12.91,24.46490256
12.98,22.26034374
13.1,25.77482593
13.33,20.52011014
13.39,22.71249661
13.44,21.83911577
13.49,27.10636948
13.54,24.0163203
13.59,25.78762285
13.77,23.14982304
13.78,25.31811856
13.85,24.89504785
13.88,28.41888626
13.91,28.43248448
13.93,24.90530959
14.32,29.75484726
14.33,27.95859144
14.36,23.59303656
14.47,29.32924281
14.51,30.17520041
14.56,28.88685422
14.6,24.88650952
14.65,31.50653274
14.69,30.17589974
14.74,31.53697763
14.78,30.63496019
14.84,30.63326878
15.03,30.5932137
15.05,30.65797381
15.44,30.19674711
15.75,28.85188137
16.07,28.86970389
16.13,28.87484867
16.96,31.51307459
17.11,32.39444915
17.52,32.37319378
17.53,33.71586774
17.8,30.59996593
17.9,31.53724515
18.05,30.65049689
18.07,31.04680726
18.14,31.53094593
18.22,29.73444548
18.44,30.20420293
18.52,30.64151559
18.59,28.41543074
18.68,28.86493815
18.77,33.26304233
18.87,31.95357348
19.15,33.2736507
19.3,33.27180874
19.37,30.1911113
19.45,30.64670326
19.55,30.63983756
19.82,29.32632093
19.85,28.43033793
19.89,25.36582722
19.91,27.589847
19.93,26.22445626
19.96,28.43128
19.97,30.20129285
20.02,28.8705897
20.65,29.32663767
20.88,31.06087741
21.23,30.18913278
21.28,29.33747956
21.33,29.75422681
21.38,29.31629563
21.42,30.18901807
21.47,28.45238448
21.52,28.86522948
21.57,27.11095093
21.75,27.9895583
21.76,25.80271581
22.23,28.86970244
22.68,28.86132893
23.08,28.89507093
23.51,27.98240581
23.51,28.4231383
23.65,30.65330196
23.83,30.63680381
23.99,31.06445793
24.08,31.54620963
24.17,30.18135448
24.25,30.61198378
25.96,31.93197637
26.09,31.94231196
26.35,33.272442
26.68,29.75480304
21.94 ,31.77177181
22.06 ,31.14404556
22.18 ,29.65254226
22.31 ,31.27692174
22.42 ,31.47759411
22.51 ,29.8350393
22.66 ,31.58211144
22.78 ,28.13596122
22.90 ,27.50569407
22.90 ,30.99990719
22.94 ,28.34220163
23.12 ,28.24837681
23.16 ,31.22154222
23.33 ,30.49499589
23.58 ,29.50137352
23.70 ,30.655459
23.98 ,30.23134104
24.05 ,28.85083644
24.11 ,29.03629111
24.25 ,31.02201619
24.38 ,29.62779478
24.48 ,30.86097985
24.56 ,30.35884181
24.63 ,31.94812989
24.72 ,30.36720656
24.72 ,31.12816181
24.79 ,30.14716637
24.87 ,30.49047856
24.95 ,31.17701867
25.02 ,31.54500107
25.10 ,30.09347144
25.17 ,29.70708837
25.25 ,31.24805937
25.33 ,32.4937157
25.41 ,31.08603163
25.48 ,30.03483837
25.53 ,30.29491919
25.64 ,31.11767133
25.71 ,31.76003852
25.79 ,31.30163141
25.86 ,30.6860237
26.19 ,28.20195293
26.19 ,31.90721763
26.25 ,30.86818259
26.30 ,28.71960596
26.36 ,30.0180887
26.42 ,28.84971311
26.48 ,28.47464293
26.54 ,29.96035278
26.59 ,29.77925441
26.65 ,30.43520707
26.66 ,29.82604774
26.71 ,29.39138419
26.77 ,30.83636781
26.83 ,28.24841011
26.86 ,28.12964885
26.94 ,28.19190544
27.07 ,32.27808593
27.12 ,31.66032585
27.19 ,29.12527063
27.26 ,29.89045644
27.43 ,30.08955019
27.95 ,28.80273848
28.04 ,28.55152022
28.07 ,27.58896419
28.18 ,30.14130933
28.29 ,29.22889219
28.29 ,30.10833193
28.38 ,30.52168615
28.39 ,30.09781363
28.65 ,31.85226607
28.79 ,32.65284619
28.91 ,31.34449948
29.04 ,32.60044981
29.17 ,31.99156548
29.30 ,31.77511007
29.51 ,32.48772141
29.55 ,30.22453837
29.68 ,32.42502837
29.78 ,31.05709
23.84 ,29.80173963
22.08 ,28.79207226
22.15 ,28.34670293
22.22 ,28.44936404
22.30 ,31.08441293
22.40 ,29.33045326
22.50 ,28.84712033
22.60 ,29.42615196
22.69 ,28.90689037
22.80 ,28.87986167
22.90 ,29.05313552
23.01 ,28.90826396
23.06 ,30.55321226
23.18 ,30.72066041
23.21 ,30.58345537
23.26 ,31.58486841
23.45 ,31.27457585
23.51 ,28.94471293
23.64 ,29.92142026
23.72 ,30.1514803
23.76 ,30.15366685
23.88 ,29.67274926
23.95 ,30.16851185
23.98 ,31.09562041
24.03 ,31.75113296
24.27 ,29.79525241
24.35 ,30.28203989
24.49 ,31.74048356
24.53 ,30.179299
24.73 ,30.25714052
24.99 ,30.49855033
25.11 ,30.76897526
25.29 ,29.71162007
25.36 ,29.67623144
25.53 ,30.89711944
25.55 ,30.37917189
25.59 ,28.47790956
25.95 ,29.00665881
25.99 ,29.3881017
26.08 ,28.79218385
26.09 ,30.59857611
26.15 ,29.75139607
26.79 ,28.39529352
26.86 ,28.22163811
26.95 ,29.48776696
27.04 ,28.518548
27.05 ,28.94783859
27.10 ,28.85779619
27.32 ,29.64689207
27.34 ,29.39979763
27.36 ,29.33983544
27.39 ,28.69197167
27.54 ,29.25587267
27.77 ,28.86924193
27.82 ,28.4226333
27.84 ,29.11294937
27.88 ,29.39346456
28.01 ,28.91821641
28.07 ,28.61645219
28.22 ,29.75961304
28.27 ,29.17503522
28.31 ,29.91786167
28.46 ,29.95668159
28.51 ,28.68066848
28.71 ,29.03871363
28.80 ,28.63555548
28.81 ,28.62973
28.95 ,29.51535763
28.99 ,29.31519741
29.00 ,29.53199704
29.23 ,29.97926748
29.44 ,29.08734826
29.45 ,28.74906826
29.55 ,29.36945311
29.86 ,30.69276259
30.06 ,29.70379519
30.27 ,29.35804511
30.41 ,30.14271493
30.52 ,29.44649307
30.64 ,29.38409507
30.67 ,29.44672626
32.21 ,31.11678989
32.061,29.61254211
32.127,29.29456289
32.194,28.5658403
32.263,28.76156896
32.341,29.19137237
32.41,28.77167322
32.477,29.15170552
32.551,29.07863781
32.623,28.80029111
32.699,29.80200037
32.786,29.78290489
32.918,30.02970622
33.075,28.56511359
33.085,28.59077596
33.101,28.57475307
33.115,29.11326163
33.132,29.29671748
33.144,29.88864637
33.157,29.07090807
33.172,29.71445544
33.189,29.6030897
33.206,29.26185493
33.35,28.96077044
33.556,29.69061537
33.57,28.8435543
33.577,28.99359444
33.663,29.19843319
33.707,29.68023881
33.715,29.42327522
33.726,29.62829948
33.739,30.0166293
33.757,31.04986285
33.769,31.09270267
33.841,31.00875363
33.892,31.78450081
33.95,31.71632193
35.012,30.22748648
35.043,29.7841757
35.08,30.34144648
35.108,29.999463
35.149,30.7017787
33.969,20.36997778
33.988,20.11080166
34.006,20.98656719
34.039,20.53145466
34.058,16.96242293
34.105,21.44465786
34.127,19.65354219
34.163,20.92473189
34.189,18.46281643
34.2,19.54892214
32.862,17.27122855
32.925,17.23186477
32.982,17.10497132
33.019,18.29566338
33.213,18.24812416
33.267,17.90293099
33.32,17.99342119
33.331,18.30512224
33.344,18.21723514
33.365,17.69041105
33.387,18.07148977
33.478,18.81322559
33.561,17.39651006
33.752,19.14932824
33.754,18.53216534
33.769,18.23557615
33.774,19.55462521
33.776,19.09314048
33.78,18.2520134
33.851,18.92756691
33.878,19.0627964
33.899,18.8170453
33.903,19.15860638
33.906,19.25688049
33.911,19.84814339
33.912,19.41855357
33.914,18.95691381
33.914,18.37032296
33.92,20.4692003
33.921,18.06086315
33.925,19.00217639
33.929,19.13362796
33.931,19.77708404
33.933,20.00972495
33.939,18.09775052
33.946,18.48849946
33.949,19.7902729
33.952,19.51476359
33.954,19.51590121
33.959,19.34351766
33.966,19.42175507
33.969,19.991481
33.988,19.87446627
33.988,19.8249015
33.988,19.68517444
34.006,19.73861649
34.039,20.19101092
34.058,18.53001911
34.105,19.75442813
34.127,19.61312639
34.163,19.82375763
34.189,19.4555982
34.2,21.13375872
32.925,16.8317292
32.982,17.1173492
33.213,18.99012605
33.331,16.0980068
33.344,19.20339378
33.365,16.35332014
33.478,16.44067216
33.75,16.37122046
33.752,15.73740138
33.754,17.29836921
33.769,17.4346832
33.774,18.86517231
33.776,15.97110958
33.78,16.56349839
33.903,18.7106815
33.906,19.83722416
33.911,18.10777679
33.912,17.55573208
33.914,18.76640604
33.914,17.36226129
33.92,19.59603804
33.921,19.82912167
33.925,16.97386064
33.929,18.3242759
33.931,18.58391686
33.931,18.32653828
33.933,18.30571285
33.939,18.25317597
33.946,19.05410599
33.949,20.03735972
33.952,18.83219155
33.954,20.44789159
33.966,19.66431819
33.969,19.33355951
33.988,19.83440293
34.006,19.47071531
34.039,19.62001491
34.039,19.54343749
34.105,18.70419734
34.127,19.45413256
34.163,19.92889245
34.189,20.38444798
34.2,21.2658614
34.2,20.44590224
32.89,20.75293865
32.89854213,21.43652247
32.90772173,21.27416606
32.91511641,20.89902878
32.92977827,21.10126357
32.93908537,21.28518516
32.95285477,22.36893073
32.96866408,22.2238805
32.96981153,22.034994
32.97848115,21.81177978
32.98906319,21.99879888
33.00831486,21.11388337
33.01711197,20.83983413
33.03241131,21.04032517
33.0464357,21.26980824
33.02718404,21.77108347
33.03980599,21.00950503
33.08838137,21.47600539
33.10100333,21.94890699
33.12,22.57117351
33.12093952,22.2594691
33.1281666,21.03825309
33.14623431,21.21087606
33.15613541,20.89647471
33.15852035,20.98105074
33.16502472,21.54151441
33.1715291,21.6111387
33.17882845,21.44527842
33.18670597,21.03418821
33.19321035,21.74549349
33.20332826,21.45463646
33.20838722,21.06260478
33.21489159,21.55020966
33.22284138,21.42893895
33.22970711,20.845493
33.2369342,21.03633736
33.2404032,20.79379532
33.2411259,20.2763761
33.24669076,20.38432387
33.25406238,20.28188852
33.26107265,20.94392685
33.26873336,20.84219127
33.2735755,21.24529792
33.28080259,20.57896548
33.28802967,21.26922162
33.29330544,21.46350136
33.29908711,21.80263725
33.30631419,21.14440073
33.31932294,20.13582321
33.32640548,20.05875668
33.33334348,21.08875871
33.34100418,20.75904536
33.35206162,19.84337605
33.35545835,20.54675823
33.36196272,20.60274508
33.36890072,20.43459763
33.37757322,20.81194598
33.37930772,20.53305488
33.38906428,21.05324281
33.38985926,21.70387555
33.39853176,20.56156871
33.39990491,20.32591779
33.40872195,21.3958738
33.41320274,20.86465395
33.44362876,20.39176934
33.44941042,20.1541262
33.4566375,20.77507984
33.46386459,21.13971874
33.47109167,20.8227217
33.47831875,20.99459819
33.48655763,20.39313766
33.48576265,21.43228364
33.49277292,22.03249981
33.5,21.0505838
33.50722708,22.61870795
33.52103081,21.4522619
33.52912514,21.88258812
33.52977558,22.67994535
33.5324496,22.43962082
33.5,20.70434068
33.51889764,22.27796996
33.52764654,22.31144267
33.55021872,22.31790132
33.59483815,22.05611979
33.60848644,22.05123549
33.6256343,21.24878733
33.64260717,21.22310296
33.64628171,22.3193363
33.66360455,22.90773583
33.73989501,23.18391356
33.83053368,23.27726027
33.84873141,23.69024901
33.85870516,23.43006463
33.87987752,22.67908607
33.9,24.90411685
33.90674249,24.19062611
33.91559708,24.07051449
33.92567019,23.5635743
33.93078798,23.89050397
33.94792851,24.15547528
33.95548335,22.52188106
33.98261576,24.12089355
33.99033306,23.06699177
34,22.52397339
34.00708345,23.53708065
34.01519101,24.70703375
34.01800732,24.62947403
34.03413709,24.28148782
34.05803305,23.75817226
34.06742075,23.64991597
34.07424817,23.68519535
34.13407342,24.13138246
34.14525332,24.01202102
34.15370225,23.44266375
34.16180981,24.51296032
34.16906394,24.01525327
34.18032918,23.71444852
34.19381333,23.85944082
34.20192089,24.45982006
34.24681116,23.87578273
34.25636955,24.4182013
34.24851802,23.97571942
34.25696695,23.13853983
34.2674641,23.38252496
34.28410593,24.38709137
34.29494446,24.40413743
34.30586833,23.91586971
34.31653617,24.28921726
34.33940802,23.13223337
34.34853969,23.06874883
34.35664725,23.73015804
34.36492549,24.41680823
34.37388648,24.12803412
34.39104037,23.58938443
34.40247629,24.55134463
34.41169331,24.08738913
34.42458006,23.46560895
34.43558927,23.1449806
34.4516337,22.75796644
34.46016798,23.2147627
34.47032376,23.04666607
34.4803942,23.41537819
34.50266865,23.16022836
34.51495801,23.60527376
34.52212679,23.93283625
34.53825657,23.83075779
34.54815633,25.71991268
34.5531062,25.18476115
34.56326199,26.14614055
34.57913574,24.59660371
34.58988892,24.02924274
34.59663099,23.88910107
34.60644541,24.4052976
34.62419669,24.02070824
34.63,24.16266723
41.45,27.98783233
41.99,28.44469622
42.20,29.32260278
42.44,28.88796133
42.71,31.05070119
43.61,30.63788093
44.62,30.17047789
45.83,29.30681674
46.99,31.5278987
49.07,32.3773457
50.31,32.39430941
51.47,33.28712252
52.26,33.26010204
54.03,31.936306
54.65,32.83679789
31.21,26.25397863
31.35,26.22900444
31.49,27.11721048
31.65,26.22896433
31.79,26.25154622
31.93,26.6696223
32.08,27.55628952
32.22,27.09698278
32.36,27.57134759
32.51,27.99845348
32.53,27.99067137
32.67,27.08299422
32.81,27.12861815
32.94,27.55968793
32.98,27.10148615
33.19,27.5750913
33.26,27.97878907
33.38,27.10483348
33.43,27.99747489
33.50,27.11352119
33.55,27.10876744
33.84,27.57154504
33.86,27.98883181
34.27,27.99857244
34.31,29.29586889
34.71,27.97295174
34.76,28.87371578
34.90,28.42236933
35.19,29.3139213
35.21,30.66894704
35.72,29.32544752
35.86,28.42072767
36.16,28.85045052
36.57,28.84570207
37.01,29.74731215
37.15,29.73753107
37.46,28.87508493
37.60,29.75042944
37.91,29.30752981
38.36,28.8766517
38.78,29.33267915
38.90,29.75167789
39.01,30.1769447
39.24,28.86024359
39.33,30.17474037
39.42,30.619127
39.50,30.17308981
39.57,31.95013278
39.68,32.39922493
39.76,31.50599907
39.84,31.97524493
39.89,31.49123963
39.94,33.25671989
40.00,34.15939507
40.11,34.58230793
40.12,33.27551844
40.47,32.38471304
40.55,31.09437011
40.63,30.60914233
40.83,30.62793022
40.90,30.19930174
40.96,31.07402541
41.06,30.63584344
41.15,30.18003141
41.22,31.04003637
41.40,31.49656433
41.56,31.49664585
41.69,30.19596137
41.92,31.94118293
42.29,33.2590897
42.47,33.73933644
42.68,33.2913153
42.94,32.82784807
43.04,31.50177911
43.10,31.07018441
43.22,31.89880493
43.41,34.14696067
43.62,33.70117407
43.85,33.28911681
43.99,33.28039144
44.11,32.82784567
44.23,34.1370867
44.38,31.96256526
44.61,32.38495319
45.02,33.71716907
45.35,32.83597619
45.61,33.26487981
48.05,33.7246043
48.34,33.69788967
48.62,34.14968326
48.96,36.35837267
49.40,35.91628589
49.94,36.35076807
49.98,35.43313219
50.94,35.46989163
50.98,36.78943533
51.26,36.77218415
51.65,36.35888989
51.93,36.3436273
52.15,37.2230727
52.51,36.36078641
52.68,36.78760359
54.52,35.03016537
55.57,34.58147089
55.64,35.469736
55.69,35.47189963
55.71,36.35744596
55.73,36.79720444
55.75,37.23219663
55.86,36.78442326
55.87,38.10543711
55.88,37.67613952
55.89,38.11085804
55.89,38.54595289
55.90,40.31370678
55.91,40.32077378
55.92,40.32898604
55.93,39.86483889
55.93,40.30501541
55.94,40.33494919
55.95,40.28206052
55.95,40.30153137
55.97,40.29899874
55.97,40.32081496
55.97,40.76103541
55.97,40.74313119
55.98,40.31589919
56.00,40.72929959
56.00,36.36680344
56.01,36.75831263
56.01,35.93982463
56.01,35.90547159
56.02,35.93162937
56.03,35.02029722
56.03,35.47817078
56.03,35.02982974
56.04,35.0269253
56.04,34.59301156
56.05,34.57682285
56.06,35.02278363
56.06,35.46758689
56.07,34.57692222
56.08,34.59852837
56.09,34.15629322
56.13,35.05088985
56.77,34.15599115
57.07,34.14496007
57.58,32.39330678
55.79130435,35.43831841
55.8023913,35.4233373
55.81869565,36.48332193
55.83173913,36.97671033
55.84282609,37.12850333
55.91521739,36.72364089
55.92369565,38.05395778
55.9276087,37.86278496
55.93282609,37.992249
55.93673913,38.75110941
55.94130435,40.2766833
55.94847826,40.31584804
55.95565217,40.32134093
55.96021739,40.05612656
55.96413043,40.2099677
55.9673913,40.18850637
55.97130435,40.37144785
55.97456522,40.21579267
55.98565217,40.40199715
55.98630435,40.474721
55.9876087,40.6338363
55.98826087,40.53175474
55.99413043,40.22022056
56,40.38993681
56.00195652,40.48893981
56.00652174,40.52111015
56.01043478,36.47803485
56.01369565,36.98061481
56.015,35.83173752
56.01695652,36.091301
56.02869565,35.6957877
56.0326087,35.81110359
56.03326087,35.82812819
56.03586957,34.8594523
56.03782609,35.34513667
56.04173913,34.90094033
56.06,34.44110344
56.06978261,34.80025659
56.07565217,35.2574927
56.08152174,34.73048141
56.09391304,34.64434396
56.105,34.3328473
55.80138554,31.42810078
55.82795181,31.19639185
55.85831325,32.80839585
55.88943373,33.21142156
55.91650602,34.42562344
55.94787952,35.45192681
55.96837349,38.57870693
56,39.87440126
56.03162651,31.9995327
56.04933735,33.30665652
56.105,34.620996
56.14042169,33.52607204
56.16066265,34.4775017
56.2036747,34.92155537
56.22138554,34.71351793
56.24415663,35.65039893
56.26186747,35.37607015
56.28210843,34.30953826
56.30487952,35.6015503
55.825,36.52671519
55.85555556,35.30337774
55.86111111,33.99896522
55.87222222,34.25313263
55.87944444,34.16245863
55.88611111,34.47870022
55.89166667,34.04461093
55.9,34.53073848
55.90833333,35.07666804
55.925,36.13918622
55.93055556,36.10754226
55.93555556,35.51982315
55.94166667,36.29700352
55.95833333,34.26860644
55.96388889,37.3938083
55.97222222,39.42810881
55.975,37.85082904
55.99166667,38.73245259
56,39.69596267
56.00277778,36.85158133
56.00833333,37.14755211
56.01388889,36.83137907
56.025,33.8805887
56.03666667,34.23093533
56.04166667,35.81980393
56.05833333,34.1630363
56.06388889,36.31448326
56.07166667,34.62179189
56.09166667,31.70100148
56.1,34.30126011
56.105,33.7319853
56.10833333,35.33189463
56.11388889,35.49766126
56.125,34.5369683
56.13611111,35.82715389
56.14166667,34.94967956
56.15833333,35.75439733
56.16944444,35.86719441
56.18055556,35.57298607
56.20722222,34.75902293
56.23611111,36.11911693
56.24166667,36.49509204
56.25833333,37.00201148
56.26944444,36.41000411
56.275,36.67667737
56.29166667,36.40492444
56.30277778,36.30139515
56.30833333,36.31709407
56.31944444,37.24328689
56.325,36.8030007
56.33611111,37.13555085
65.92779065,25.92596367
65.95008666,25.72166193
65.96495066,25.52537089
65.97238267,25.92253104
65.98444444,26.08711574
65.99455684,26.50087744
66.00479108,26.08394233
66.00661862,26.34903396
66.00942085,26.09307993
66.01222308,25.64021678
66.016,23.91585796
66.01429429,26.48857433
66.02062977,27.34438726
66.02428486,26.98223126
66.04012355,27.72951067
66.05401287,28.47606156
66.08374088,29.38696204
66.1134689,29.27041259
66.15988846,29.19418722
66.20630802,30.004208
66.3,26.86627478
66.39198627,26.18558033
66.48945517,25.44885874
66.57766452,25.28858211
66.66952896,25.06779004
66.76699785,24.81724807
66.85703475,25.62208767
66.94902102,26.78495907
67.02784899,26.50592352
67.10862634,26.8584147
66.016,24.91680093
66.02606299,24.98086781
66.03165354,28.64984852
66.07283727,29.19368578
66.10134908,29.79088067
66.1637769,27.32914396
66.25471654,26.19283667
66.3,25.9849893
66.016,24.39925096
66.016,25.10970941
66.10250348,32.100521
66.3,31.19495374
66.016,19.68077788
66.01964771,20.71965961
66.02277431,21.33258911
66.02746422,21.1093059
66.03163303,20.29099456
66.03423853,20.84011488
66.03475963,20.50372516
66.03944954,20.86518959
66.06550459,22.99724072
66.08217982,22.56611621
66.09155963,24.60593982
66.11761468,23.88889051
66.14366972,23.4365469
66.16972477,23.4678351
66.19577982,23.40061859
66.25310092,23.4597864
66.3,20.23129909
66.35211009,21.07891555
66.40422018,20.24397573
66.45633028,19.56022523
66.56055046,20.97422616
66.02,23.56123455
66.025,23.19581032
66.05,24.25653954
66.075,22.66780442
66.1,25.51139693
66.15,25.1361663
66.2,23.12026816
66.25,22.0973561
66.3,20.67949864
66.35,22.03093942
66.4,20.82976132
66.45,22.24637062
66.5,21.78929522
